-- MySQL Script generated by MySQL Workbench
-- Tue Jan 20 03:00:40 2015
-- Model: New Model    Version: 1.0
SET @OLD_UNIQUE_CHECKS=@@UNIQUE_CHECKS, UNIQUE_CHECKS=0;
SET @OLD_FOREIGN_KEY_CHECKS=@@FOREIGN_KEY_CHECKS, FOREIGN_KEY_CHECKS=0;
SET @OLD_SQL_MODE=@@SQL_MODE, SQL_MODE='TRADITIONAL,ALLOW_INVALID_DATES';

-- -----------------------------------------------------
-- Schema Economic_Simulator_Database
-- -----------------------------------------------------
DROP SCHEMA IF EXISTS `Economic_Simulator_Database` ;
CREATE SCHEMA IF NOT EXISTS `Economic_Simulator_Database` DEFAULT CHARACTER SET utf8 ;
USE `Economic_Simulator_Database` ;

-- -----------------------------------------------------
-- Table `Economic_Simulator_Database`.`tbl_rule_type`
-- -----------------------------------------------------
DROP TABLE IF EXISTS `Economic_Simulator_Database`.`tbl_rule_type` ;

CREATE TABLE IF NOT EXISTS `Economic_Simulator_Database`.`tbl_rule_type` (
  `rule_type_id` INT NOT NULL AUTO_INCREMENT,
  `rule_type` VARCHAR(75) NULL,
  `rule_type_description` VARCHAR(750) NULL,
  PRIMARY KEY (`rule_type_id`))
ENGINE = InnoDB;


-- -----------------------------------------------------
-- Table `Economic_Simulator_Database`.`tbl_rule`
-- -----------------------------------------------------
DROP TABLE IF EXISTS `Economic_Simulator_Database`.`tbl_rule` ;

CREATE TABLE IF NOT EXISTS `Economic_Simulator_Database`.`tbl_rule` (
  `rule_id` INT NOT NULL AUTO_INCREMENT,
  `rule_type_id` INT NOT NULL,
  `rule_name` VARCHAR(75) NULL,
  `rule_value` VARCHAR(45) NULL,
  `rule_attribute` VARCHAR(45) NULL,
  `rule_activated` INT(1) NOT NULL,
  PRIMARY KEY (`rule_id`),
  INDEX `fk_tbl_rule_tbl_rule_type1_idx` (`rule_type_id` ASC),
  CONSTRAINT `fk_tbl_rule_tbl_rule_type1`
    FOREIGN KEY (`rule_type_id`)
    REFERENCES `Economic_Simulator_Database`.`tbl_rule_type` (`rule_type_id`)
    ON DELETE NO ACTION
    ON UPDATE NO ACTION)
ENGINE = InnoDB;


-- -----------------------------------------------------
-- Table `Economic_Simulator_Database`.`tbl_entity_type`
-- -----------------------------------------------------
DROP TABLE IF EXISTS `Economic_Simulator_Database`.`tbl_entity_type` ;

CREATE TABLE IF NOT EXISTS `Economic_Simulator_Database`.`tbl_entity_type` (
  `entity_type_id` INT NOT NULL AUTO_INCREMENT,
  `entity_type` VARCHAR(45) NULL,
  `entity_type_description` VARCHAR(255) NULL,
  PRIMARY KEY (`entity_type_id`))
ENGINE = InnoDB;


-- -----------------------------------------------------
-- Table `Economic_Simulator_Database`.`tbl_economy`
-- -----------------------------------------------------
DROP TABLE IF EXISTS `Economic_Simulator_Database`.`tbl_economy` ;

CREATE TABLE IF NOT EXISTS `Economic_Simulator_Database`.`tbl_economy` (
  `economy_id` INT NOT NULL AUTO_INCREMENT,
  `economy` VARCHAR(45) NULL,
  `economy_description` VARCHAR(255) NULL,
  `creation_date` DATETIME NULL,
  `end_date` DATETIME NULL,
  PRIMARY KEY (`economy_id`))
ENGINE = InnoDB;


-- -----------------------------------------------------
-- Table `Economic_Simulator_Database`.`tbl_entity_type_has_rule`
-- -----------------------------------------------------
DROP TABLE IF EXISTS `Economic_Simulator_Database`.`tbl_entity_type_has_rule` ;

CREATE TABLE IF NOT EXISTS `Economic_Simulator_Database`.`tbl_entity_type_has_rule` (
  `entity_type_has_rule_id` INT NOT NULL AUTO_INCREMENT,
  `entity_type_id` INT NOT NULL,
  `rule_id` INT NOT NULL,
  `economy_id` INT NOT NULL,
  PRIMARY KEY (`entity_type_has_rule_id`),
  INDEX `fk_table1_tbl_rule1_idx` (`rule_id` ASC),
  INDEX `fk_tbl_entity_type_has_rule_tbl_entity_type1_idx` (`entity_type_id` ASC),
  INDEX `fk_tbl_entity_type_has_rule_tbl_economy1_idx` (`economy_id` ASC),
  CONSTRAINT `fk_table1_tbl_rule1`
    FOREIGN KEY (`rule_id`)
    REFERENCES `Economic_Simulator_Database`.`tbl_rule` (`rule_id`)
    ON DELETE NO ACTION
    ON UPDATE NO ACTION,
  CONSTRAINT `fk_tbl_entity_type_has_rule_tbl_entity_type1`
    FOREIGN KEY (`entity_type_id`)
    REFERENCES `Economic_Simulator_Database`.`tbl_entity_type` (`entity_type_id`)
    ON DELETE NO ACTION
    ON UPDATE NO ACTION,
  CONSTRAINT `fk_tbl_entity_type_has_rule_tbl_economy1`
    FOREIGN KEY (`economy_id`)
    REFERENCES `Economic_Simulator_Database`.`tbl_economy` (`economy_id`)
    ON DELETE NO ACTION
    ON UPDATE NO ACTION)
ENGINE = InnoDB;


-- -----------------------------------------------------
-- Table `Economic_Simulator_Database`.`tbl_item_type`
-- -----------------------------------------------------
DROP TABLE IF EXISTS `Economic_Simulator_Database`.`tbl_item_type` ;

CREATE TABLE IF NOT EXISTS `Economic_Simulator_Database`.`tbl_item_type` (
  `item_type_id` INT NOT NULL AUTO_INCREMENT,
  `item_type` VARCHAR(45) NULL,
  `item_type_description` VARCHAR(255) NULL,
  PRIMARY KEY (`item_type_id`))
ENGINE = InnoDB;


-- -----------------------------------------------------
-- Table `Economic_Simulator_Database`.`tbl_item_type_has_rule`
-- -----------------------------------------------------
DROP TABLE IF EXISTS `Economic_Simulator_Database`.`tbl_item_type_has_rule` ;

CREATE TABLE IF NOT EXISTS `Economic_Simulator_Database`.`tbl_item_type_has_rule` (
  `item_type_has_rule_id` INT NOT NULL AUTO_INCREMENT,
  `item_type_id` INT NOT NULL,
  `rule_id` INT NOT NULL,
  `economy_id` INT NOT NULL,
  PRIMARY KEY (`item_type_has_rule_id`),
  INDEX `fk_table1_tbl_rule1_idx` (`rule_id` ASC),
  INDEX `fk_tbl_item_type_has_rule_tbl_item_type1_idx` (`item_type_id` ASC),
  INDEX `fk_tbl_item_type_has_rule_tbl_economy1_idx` (`economy_id` ASC),
  CONSTRAINT `fk_table1_tbl_rule10`
    FOREIGN KEY (`rule_id`)
    REFERENCES `Economic_Simulator_Database`.`tbl_rule` (`rule_id`)
    ON DELETE NO ACTION
    ON UPDATE NO ACTION,
  CONSTRAINT `fk_tbl_item_type_has_rule_tbl_item_type1`
    FOREIGN KEY (`item_type_id`)
    REFERENCES `Economic_Simulator_Database`.`tbl_item_type` (`item_type_id`)
    ON DELETE NO ACTION
    ON UPDATE NO ACTION,
  CONSTRAINT `fk_tbl_item_type_has_rule_tbl_economy1`
    FOREIGN KEY (`economy_id`)
    REFERENCES `Economic_Simulator_Database`.`tbl_economy` (`economy_id`)
    ON DELETE NO ACTION
    ON UPDATE NO ACTION)
ENGINE = InnoDB;


-- -----------------------------------------------------
-- Table `Economic_Simulator_Database`.`tbl_entity`
-- -----------------------------------------------------
DROP TABLE IF EXISTS `Economic_Simulator_Database`.`tbl_entity` ;

CREATE TABLE IF NOT EXISTS `Economic_Simulator_Database`.`tbl_entity` (
  `entity_id` INT NOT NULL AUTO_INCREMENT,
  `entity_type_id` INT NOT NULL,
  `entity` VARCHAR(45) NULL,
  `balance` INT NULL,
  `creation_date` DATETIME NULL,
  PRIMARY KEY (`entity_id`),
  INDEX `fk_tbl_entity_tbl_entity_type1_idx` (`entity_type_id` ASC),
  CONSTRAINT `fk_tbl_entity_tbl_entity_type1`
    FOREIGN KEY (`entity_type_id`)
    REFERENCES `Economic_Simulator_Database`.`tbl_entity_type` (`entity_type_id`)
    ON DELETE NO ACTION
    ON UPDATE NO ACTION)
ENGINE = InnoDB;


-- -----------------------------------------------------
-- Table `Economic_Simulator_Database`.`tbl_entity_has_rule`
-- -----------------------------------------------------
DROP TABLE IF EXISTS `Economic_Simulator_Database`.`tbl_entity_has_rule` ;

CREATE TABLE IF NOT EXISTS `Economic_Simulator_Database`.`tbl_entity_has_rule` (
  `entity_has_rule_id` INT NOT NULL AUTO_INCREMENT,
  `entity_id` INT NOT NULL,
  `rule_id` INT NOT NULL,
  PRIMARY KEY (`entity_has_rule_id`),
  INDEX `fk_tbl_entity_has_rule_tbl_rule1_idx` (`rule_id` ASC),
  INDEX `fk_tbl_entity_has_rule_tbl_entity2_idx` (`entity_id` ASC),
  CONSTRAINT `fk_tbl_entity_has_rule_tbl_rule1`
    FOREIGN KEY (`rule_id`)
    REFERENCES `Economic_Simulator_Database`.`tbl_rule` (`rule_id`)
    ON DELETE NO ACTION
    ON UPDATE NO ACTION,
  CONSTRAINT `fk_tbl_entity_has_rule_tbl_entity2`
    FOREIGN KEY (`entity_id`)
    REFERENCES `Economic_Simulator_Database`.`tbl_entity` (`entity_id`)
    ON DELETE NO ACTION
    ON UPDATE NO ACTION)
ENGINE = InnoDB;


-- -----------------------------------------------------
-- Table `Economic_Simulator_Database`.`tbl_item`
-- -----------------------------------------------------
DROP TABLE IF EXISTS `Economic_Simulator_Database`.`tbl_item` ;

CREATE TABLE IF NOT EXISTS `Economic_Simulator_Database`.`tbl_item` (
  `item_id` INT NOT NULL AUTO_INCREMENT,
  `item_type_id` INT NOT NULL,
  `entity_creator_id` INT NOT NULL,
  `item` VARCHAR(45) NULL,
  `item_description` VARCHAR(255) NULL,
  `creation_date` DATETIME NULL,
  PRIMARY KEY (`item_id`),
  INDEX `fk_tbl_item_tbl_item_type2_idx` (`item_type_id` ASC),
  INDEX `fk_tbl_item_tbl_entity1_idx` (`entity_creator_id` ASC),
  CONSTRAINT `fk_tbl_item_tbl_item_type2`
    FOREIGN KEY (`item_type_id`)
    REFERENCES `Economic_Simulator_Database`.`tbl_item_type` (`item_type_id`)
    ON DELETE NO ACTION
    ON UPDATE NO ACTION,
  CONSTRAINT `fk_tbl_item_tbl_entity1`
    FOREIGN KEY (`entity_creator_id`)
    REFERENCES `Economic_Simulator_Database`.`tbl_entity` (`entity_id`)
    ON DELETE NO ACTION
    ON UPDATE NO ACTION)
ENGINE = InnoDB;


-- -----------------------------------------------------
-- Table `Economic_Simulator_Database`.`tbl_item_has_rule`
-- -----------------------------------------------------
DROP TABLE IF EXISTS `Economic_Simulator_Database`.`tbl_item_has_rule` ;

CREATE TABLE IF NOT EXISTS `Economic_Simulator_Database`.`tbl_item_has_rule` (
  `item_has_rule_id` INT NOT NULL AUTO_INCREMENT,
  `item_id` INT NOT NULL,
  `rule_id` INT NOT NULL,
  PRIMARY KEY (`item_has_rule_id`),
  INDEX `fk_tbl_item_has_rule_tbl_rule1_idx` (`rule_id` ASC),
  INDEX `fk_tbl_item_has_rule_tbl_item2_idx` (`item_id` ASC),
  CONSTRAINT `fk_tbl_item_has_rule_tbl_rule1`
    FOREIGN KEY (`rule_id`)
    REFERENCES `Economic_Simulator_Database`.`tbl_rule` (`rule_id`)
    ON DELETE NO ACTION
    ON UPDATE NO ACTION,
  CONSTRAINT `fk_tbl_item_has_rule_tbl_item2`
    FOREIGN KEY (`item_id`)
    REFERENCES `Economic_Simulator_Database`.`tbl_item` (`item_id`)
    ON DELETE NO ACTION
    ON UPDATE NO ACTION)
ENGINE = InnoDB;


-- -----------------------------------------------------
-- Table `Economic_Simulator_Database`.`tbl_economy_relation`
-- -----------------------------------------------------
DROP TABLE IF EXISTS `Economic_Simulator_Database`.`tbl_economy_relation` ;

CREATE TABLE IF NOT EXISTS `Economic_Simulator_Database`.`tbl_economy_relation` (
  `economy_relation_id` INT NOT NULL AUTO_INCREMENT,
  `economy_from_id` INT NOT NULL,
  `economy_to_id` INT NOT NULL,
  PRIMARY KEY (`economy_relation_id`),
  INDEX `fk_tbl_economy_relation_tbl_economy1_idx` (`economy_from_id` ASC),
  INDEX `fk_tbl_economy_relation_tbl_economy2_idx` (`economy_to_id` ASC),
  CONSTRAINT `fk_tbl_economy_relation_tbl_economy1`
    FOREIGN KEY (`economy_from_id`)
    REFERENCES `Economic_Simulator_Database`.`tbl_economy` (`economy_id`)
    ON DELETE NO ACTION
    ON UPDATE NO ACTION,
  CONSTRAINT `fk_tbl_economy_relation_tbl_economy2`
    FOREIGN KEY (`economy_to_id`)
    REFERENCES `Economic_Simulator_Database`.`tbl_economy` (`economy_id`)
    ON DELETE NO ACTION
    ON UPDATE NO ACTION)
ENGINE = InnoDB;


-- -----------------------------------------------------
-- Table `Economic_Simulator_Database`.`tbl_economy_relation_has_rule`
-- -----------------------------------------------------
DROP TABLE IF EXISTS `Economic_Simulator_Database`.`tbl_economy_relation_has_rule` ;

CREATE TABLE IF NOT EXISTS `Economic_Simulator_Database`.`tbl_economy_relation_has_rule` (
  `economy_relation_has_rule_id` INT NOT NULL AUTO_INCREMENT,
  `economy_relation_id` INT NOT NULL,
  `rule_id` INT NOT NULL,
  PRIMARY KEY (`economy_relation_has_rule_id`),
  INDEX `fk_tbl_class_relation_has_rule_tbl_rule1_idx` (`rule_id` ASC),
  INDEX `fk_tbl_economy_relation_has_rule_tbl_economy_relation1_idx` (`economy_relation_id` ASC),
  CONSTRAINT `fk_tbl_class_relation_has_rule_tbl_rule1`
    FOREIGN KEY (`rule_id`)
    REFERENCES `Economic_Simulator_Database`.`tbl_rule` (`rule_id`)
    ON DELETE NO ACTION
    ON UPDATE NO ACTION,
  CONSTRAINT `fk_tbl_economy_relation_has_rule_tbl_economy_relation1`
    FOREIGN KEY (`economy_relation_id`)
    REFERENCES `Economic_Simulator_Database`.`tbl_economy_relation` (`economy_relation_id`)
    ON DELETE NO ACTION
    ON UPDATE NO ACTION)
ENGINE = InnoDB;


-- -----------------------------------------------------
-- Table `Economic_Simulator_Database`.`tbl_user_type`
-- -----------------------------------------------------
DROP TABLE IF EXISTS `Economic_Simulator_Database`.`tbl_user_type` ;

CREATE TABLE IF NOT EXISTS `Economic_Simulator_Database`.`tbl_user_type` (
  `user_type_id` INT NOT NULL AUTO_INCREMENT,
  `user_type` VARCHAR(45) NULL,
  `user_type_description` VARCHAR(255) NULL,
  PRIMARY KEY (`user_type_id`))
ENGINE = InnoDB;


-- -----------------------------------------------------
-- Table `Economic_Simulator_Database`.`tbl_user`
-- -----------------------------------------------------
DROP TABLE IF EXISTS `Economic_Simulator_Database`.`tbl_user` ;

CREATE TABLE IF NOT EXISTS `Economic_Simulator_Database`.`tbl_user` (
  `user_id` INT NOT NULL AUTO_INCREMENT,
  `user_type_id` INT NOT NULL,
  `email_address` VARCHAR(45) NULL,
  `first_name` VARCHAR(45) NULL,
  `last_name` VARCHAR(45) NULL,
  `cell_phone` VARCHAR(45) NULL,
  PRIMARY KEY (`user_id`),
  INDEX `fk_tbl_user_tbl_user_type2_idx` (`user_type_id` ASC),
  CONSTRAINT `fk_tbl_user_tbl_user_type2`
    FOREIGN KEY (`user_type_id`)
    REFERENCES `Economic_Simulator_Database`.`tbl_user_type` (`user_type_id`)
    ON DELETE NO ACTION
    ON UPDATE NO ACTION)
ENGINE = InnoDB;


-- -----------------------------------------------------
-- Table `Economic_Simulator_Database`.`tbl_user_has_entity`
-- -----------------------------------------------------
DROP TABLE IF EXISTS `Economic_Simulator_Database`.`tbl_user_has_entity` ;

CREATE TABLE IF NOT EXISTS `Economic_Simulator_Database`.`tbl_user_has_entity` (
  `user_has_entity_id` INT NOT NULL AUTO_INCREMENT,
  `user_id` INT NOT NULL,
  `entity_id` INT NOT NULL,
  PRIMARY KEY (`user_has_entity_id`),
  INDEX `fk_tbl_user_has_entity_tbl_entity2_idx` (`entity_id` ASC),
  INDEX `fk_tbl_user_has_entity_tbl_user1_idx` (`user_id` ASC),
  CONSTRAINT `fk_tbl_user_has_entity_tbl_entity2`
    FOREIGN KEY (`entity_id`)
    REFERENCES `Economic_Simulator_Database`.`tbl_entity` (`entity_id`)
    ON DELETE NO ACTION
    ON UPDATE NO ACTION,
  CONSTRAINT `fk_tbl_user_has_entity_tbl_user1`
    FOREIGN KEY (`user_id`)
    REFERENCES `Economic_Simulator_Database`.`tbl_user` (`user_id`)
    ON DELETE NO ACTION
    ON UPDATE NO ACTION)
ENGINE = InnoDB;


-- -----------------------------------------------------
-- Table `Economic_Simulator_Database`.`tbl_economy_has_rule`
-- -----------------------------------------------------
DROP TABLE IF EXISTS `Economic_Simulator_Database`.`tbl_economy_has_rule` ;

CREATE TABLE IF NOT EXISTS `Economic_Simulator_Database`.`tbl_economy_has_rule` (
  `economy_has_rule_id` INT NOT NULL AUTO_INCREMENT,
  `economy_id` INT NOT NULL,
  `rule_id` INT NOT NULL,
  PRIMARY KEY (`economy_has_rule_id`),
  INDEX `fk_tbl_class_has_rule_tbl_rule1_idx` (`rule_id` ASC),
  INDEX `fk_tbl_economy_has_rule_tbl_economy1_idx` (`economy_id` ASC),
  CONSTRAINT `fk_tbl_class_has_rule_tbl_rule1`
    FOREIGN KEY (`rule_id`)
    REFERENCES `Economic_Simulator_Database`.`tbl_rule` (`rule_id`)
    ON DELETE NO ACTION
    ON UPDATE NO ACTION,
  CONSTRAINT `fk_tbl_economy_has_rule_tbl_economy1`
    FOREIGN KEY (`economy_id`)
    REFERENCES `Economic_Simulator_Database`.`tbl_economy` (`economy_id`)
    ON DELETE NO ACTION
    ON UPDATE NO ACTION)
ENGINE = InnoDB;


-- -----------------------------------------------------
-- Table `Economic_Simulator_Database`.`tbl_message_type`
-- -----------------------------------------------------
DROP TABLE IF EXISTS `Economic_Simulator_Database`.`tbl_message_type` ;

CREATE TABLE IF NOT EXISTS `Economic_Simulator_Database`.`tbl_message_type` (
  `message_type_id` INT NOT NULL AUTO_INCREMENT,
  `message_type` VARCHAR(45) NULL,
  `message_type_description` VARCHAR(255) NULL,
  PRIMARY KEY (`message_type_id`))
ENGINE = InnoDB;


-- -----------------------------------------------------
-- Table `Economic_Simulator_Database`.`tbl_message`
-- -----------------------------------------------------
DROP TABLE IF EXISTS `Economic_Simulator_Database`.`tbl_message` ;

CREATE TABLE IF NOT EXISTS `Economic_Simulator_Database`.`tbl_message` (
  `message_id` INT NOT NULL AUTO_INCREMENT,
  `message_type_id` INT NOT NULL,
  `message` VARCHAR(255) NULL,
  PRIMARY KEY (`message_id`),
  INDEX `fk_tbl_message_tbl_message_type1_idx` (`message_type_id` ASC),
  CONSTRAINT `fk_tbl_message_tbl_message_type1`
    FOREIGN KEY (`message_type_id`)
    REFERENCES `Economic_Simulator_Database`.`tbl_message_type` (`message_type_id`)
    ON DELETE NO ACTION
    ON UPDATE NO ACTION)
ENGINE = InnoDB;


-- -----------------------------------------------------
-- Table `Economic_Simulator_Database`.`tbl_entity_has_message`
-- -----------------------------------------------------
DROP TABLE IF EXISTS `Economic_Simulator_Database`.`tbl_entity_has_message` ;

CREATE TABLE IF NOT EXISTS `Economic_Simulator_Database`.`tbl_entity_has_message` (
  `entity_has_message_id` INT NOT NULL AUTO_INCREMENT,
  `entity_sender_id` INT NOT NULL,
  `entity_receiver_id` INT NOT NULL,
  `message_id` INT NOT NULL,
  `message_checked` INT(1) NOT NULL,
  `message_replied` INT(1) NOT NULL,
  `date_received` DATETIME NOT NULL,
  PRIMARY KEY (`entity_has_message_id`),
  INDEX `fk_tbl_entity_has_message_tbl_message1_idx` (`message_id` ASC),
  INDEX `fk_tbl_entity_has_message_tbl_entity1_idx` (`entity_sender_id` ASC),
  INDEX `fk_tbl_entity_has_message_tbl_entity2_idx` (`entity_receiver_id` ASC),
  CONSTRAINT `fk_tbl_entity_has_message_tbl_message1`
    FOREIGN KEY (`message_id`)
    REFERENCES `Economic_Simulator_Database`.`tbl_message` (`message_id`)
    ON DELETE NO ACTION
    ON UPDATE NO ACTION,
  CONSTRAINT `fk_tbl_entity_has_message_tbl_entity1`
    FOREIGN KEY (`entity_sender_id`)
    REFERENCES `Economic_Simulator_Database`.`tbl_entity` (`entity_id`)
    ON DELETE NO ACTION
    ON UPDATE NO ACTION,
  CONSTRAINT `fk_tbl_entity_has_message_tbl_entity2`
    FOREIGN KEY (`entity_receiver_id`)
    REFERENCES `Economic_Simulator_Database`.`tbl_entity` (`entity_id`)
    ON DELETE NO ACTION
    ON UPDATE NO ACTION)
ENGINE = InnoDB;


-- -----------------------------------------------------
-- Table `Economic_Simulator_Database`.`tbl_market_item`
-- -----------------------------------------------------
DROP TABLE IF EXISTS `Economic_Simulator_Database`.`tbl_market_item` ;

CREATE TABLE IF NOT EXISTS `Economic_Simulator_Database`.`tbl_market_item` (
  `market_item_id` INT NOT NULL AUTO_INCREMENT,
  `economy_id` INT NOT NULL,
  `item_id` INT NOT NULL,
  `entity_maker_id` INT NOT NULL,
  `creation_date` DATETIME NULL,
  `purchased` INT NOT NULL,
  PRIMARY KEY (`market_item_id`),
  INDEX `fk_tbl_market_tbl_economy1_idx` (`economy_id` ASC),
  INDEX `fk_tbl_market_tbl_item2_idx` (`item_id` ASC),
  INDEX `fk_tbl_market_tbl_entity2_idx` (`entity_maker_id` ASC),
  CONSTRAINT `fk_tbl_market_tbl_economy1`
    FOREIGN KEY (`economy_id`)
    REFERENCES `Economic_Simulator_Database`.`tbl_economy` (`economy_id`)
    ON DELETE NO ACTION
    ON UPDATE NO ACTION,
  CONSTRAINT `fk_tbl_market_tbl_item2`
    FOREIGN KEY (`item_id`)
    REFERENCES `Economic_Simulator_Database`.`tbl_item` (`item_id`)
    ON DELETE NO ACTION
    ON UPDATE NO ACTION,
  CONSTRAINT `fk_tbl_market_tbl_entity2`
    FOREIGN KEY (`entity_maker_id`)
    REFERENCES `Economic_Simulator_Database`.`tbl_entity` (`entity_id`)
    ON DELETE NO ACTION
    ON UPDATE NO ACTION)
ENGINE = InnoDB;


-- -----------------------------------------------------
-- Table `Economic_Simulator_Database`.`tbl_login`
-- -----------------------------------------------------
DROP TABLE IF EXISTS `Economic_Simulator_Database`.`tbl_login` ;

CREATE TABLE IF NOT EXISTS `Economic_Simulator_Database`.`tbl_login` (
  `user_id` INT NOT NULL,
  `password` VARCHAR(255) NULL,
  INDEX `fk_tbl_login_tbl_user2_idx` (`user_id` ASC),
  PRIMARY KEY (`user_id`),
  CONSTRAINT `fk_tbl_login_tbl_user2`
    FOREIGN KEY (`user_id`)
    REFERENCES `Economic_Simulator_Database`.`tbl_user` (`user_id`)
    ON DELETE NO ACTION
    ON UPDATE NO ACTION)
ENGINE = InnoDB;


-- -----------------------------------------------------
-- Table `Economic_Simulator_Database`.`tbl_entity_has_item`
-- -----------------------------------------------------
DROP TABLE IF EXISTS `Economic_Simulator_Database`.`tbl_entity_has_item` ;

CREATE TABLE IF NOT EXISTS `Economic_Simulator_Database`.`tbl_entity_has_item` (
  `entity_has_item_id` INT NOT NULL AUTO_INCREMENT,
  `entity_id` INT NOT NULL,
  `item_id` INT NOT NULL,
  `price_paid` INT NULL,
  `date_purchased` DATETIME NULL,
  PRIMARY KEY (`entity_has_item_id`),
  INDEX `fk_tbl_entity_has_item_tbl_entity1_idx` (`entity_id` ASC),
  INDEX `fk_tbl_entity_has_item_tbl_item1_idx` (`item_id` ASC),
  CONSTRAINT `fk_tbl_entity_has_item_tbl_entity1`
    FOREIGN KEY (`entity_id`)
    REFERENCES `Economic_Simulator_Database`.`tbl_entity` (`entity_id`)
    ON DELETE NO ACTION
    ON UPDATE NO ACTION,
  CONSTRAINT `fk_tbl_entity_has_item_tbl_item1`
    FOREIGN KEY (`item_id`)
    REFERENCES `Economic_Simulator_Database`.`tbl_item` (`item_id`)
    ON DELETE NO ACTION
    ON UPDATE NO ACTION)
ENGINE = InnoDB;


-- -----------------------------------------------------
-- Table `Economic_Simulator_Database`.`tbl_economy_has_entity`
-- -----------------------------------------------------
DROP TABLE IF EXISTS `Economic_Simulator_Database`.`tbl_economy_has_entity` ;

CREATE TABLE IF NOT EXISTS `Economic_Simulator_Database`.`tbl_economy_has_entity` (
  `economy_has_entity_id` INT NOT NULL AUTO_INCREMENT,
  `economy_id` INT NOT NULL,
  `entity_id` INT NOT NULL,
  INDEX `fk_tbl_entity_has_tbl_economy_tbl_economy1_idx` (`economy_id` ASC),
  INDEX `fk_tbl_entity_has_tbl_economy_tbl_entity1_idx` (`entity_id` ASC),
  PRIMARY KEY (`economy_has_entity_id`),
  CONSTRAINT `fk_tbl_entity_has_tbl_economy_tbl_entity1`
    FOREIGN KEY (`entity_id`)
    REFERENCES `Economic_Simulator_Database`.`tbl_entity` (`entity_id`)
    ON DELETE NO ACTION
    ON UPDATE NO ACTION,
  CONSTRAINT `fk_tbl_entity_has_tbl_economy_tbl_economy1`
    FOREIGN KEY (`economy_id`)
    REFERENCES `Economic_Simulator_Database`.`tbl_economy` (`economy_id`)
    ON DELETE NO ACTION
    ON UPDATE NO ACTION)
ENGINE = InnoDB;


-- -----------------------------------------------------
-- Table `Economic_Simulator_Database`.`tbl_entity_type_has_default_rule`
-- -----------------------------------------------------
DROP TABLE IF EXISTS `Economic_Simulator_Database`.`tbl_entity_type_has_default_rule` ;

CREATE TABLE IF NOT EXISTS `Economic_Simulator_Database`.`tbl_entity_type_has_default_rule` (
  `entity_type_has_default_rule_id` INT NOT NULL AUTO_INCREMENT,
  `entity_type_id` INT NOT NULL,
  `rule_id` INT NOT NULL,
  `economy_id` INT NOT NULL,
  PRIMARY KEY (`entity_type_has_default_rule_id`),
  INDEX `fk_table1_tbl_rule1_idx` (`rule_id` ASC),
  INDEX `fk_tbl_entity_type_has_rule_tbl_entity_type1_idx` (`entity_type_id` ASC),
  INDEX `fk_tbl_entity_type_has_default_rule_tbl_economy1_idx` (`economy_id` ASC),
  CONSTRAINT `fk_table1_tbl_rule11`
    FOREIGN KEY (`rule_id`)
    REFERENCES `Economic_Simulator_Database`.`tbl_rule` (`rule_id`)
    ON DELETE NO ACTION
    ON UPDATE NO ACTION,
  CONSTRAINT `fk_tbl_entity_type_has_rule_tbl_entity_type10`
    FOREIGN KEY (`entity_type_id`)
    REFERENCES `Economic_Simulator_Database`.`tbl_entity_type` (`entity_type_id`)
    ON DELETE NO ACTION
    ON UPDATE NO ACTION,
  CONSTRAINT `fk_tbl_entity_type_has_default_rule_tbl_economy1`
    FOREIGN KEY (`economy_id`)
    REFERENCES `Economic_Simulator_Database`.`tbl_economy` (`economy_id`)
    ON DELETE NO ACTION
    ON UPDATE NO ACTION)
ENGINE = InnoDB;


-- -----------------------------------------------------
-- Table `Economic_Simulator_Database`.`tbl_economy_has_default_rule`
-- -----------------------------------------------------
DROP TABLE IF EXISTS `Economic_Simulator_Database`.`tbl_economy_has_default_rule` ;

CREATE TABLE IF NOT EXISTS `Economic_Simulator_Database`.`tbl_economy_has_default_rule` (
  `economy_has_default_rule_id` INT NOT NULL AUTO_INCREMENT,
  `economy_id` INT NOT NULL,
  `rule_id` INT NOT NULL,
  PRIMARY KEY (`economy_has_default_rule_id`),
  INDEX `fk_tbl_class_has_rule_tbl_rule1_idx` (`rule_id` ASC),
  INDEX `fk_tbl_economy_has_rule_tbl_economy1_idx` (`economy_id` ASC),
  CONSTRAINT `fk_tbl_class_has_rule_tbl_rule10`
    FOREIGN KEY (`rule_id`)
    REFERENCES `Economic_Simulator_Database`.`tbl_rule` (`rule_id`)
    ON DELETE NO ACTION
    ON UPDATE NO ACTION,
  CONSTRAINT `fk_tbl_economy_has_rule_tbl_economy10`
    FOREIGN KEY (`economy_id`)
    REFERENCES `Economic_Simulator_Database`.`tbl_economy` (`economy_id`)
    ON DELETE NO ACTION
    ON UPDATE NO ACTION)
ENGINE = InnoDB;


-- -----------------------------------------------------
-- Table `Economic_Simulator_Database`.`tbl_economy_relation_has_default_rule`
-- -----------------------------------------------------
DROP TABLE IF EXISTS `Economic_Simulator_Database`.`tbl_economy_relation_has_default_rule` ;

CREATE TABLE IF NOT EXISTS `Economic_Simulator_Database`.`tbl_economy_relation_has_default_rule` (
  `economy_relation_has_default_rule_id` INT NOT NULL AUTO_INCREMENT,
  `economy_relation_id` INT NOT NULL,
  `rule_id` INT NOT NULL,
  PRIMARY KEY (`economy_relation_has_default_rule_id`),
  INDEX `fk_tbl_class_relation_has_rule_tbl_rule1_idx` (`rule_id` ASC),
  INDEX `fk_tbl_economy_relation_has_rule_tbl_economy_relation1_idx` (`economy_relation_id` ASC),
  CONSTRAINT `fk_tbl_class_relation_has_rule_tbl_rule10`
    FOREIGN KEY (`rule_id`)
    REFERENCES `Economic_Simulator_Database`.`tbl_rule` (`rule_id`)
    ON DELETE NO ACTION
    ON UPDATE NO ACTION,
  CONSTRAINT `fk_tbl_economy_relation_has_rule_tbl_economy_relation10`
    FOREIGN KEY (`economy_relation_id`)
    REFERENCES `Economic_Simulator_Database`.`tbl_economy_relation` (`economy_relation_id`)
    ON DELETE NO ACTION
    ON UPDATE NO ACTION)
ENGINE = InnoDB;


-- -----------------------------------------------------
-- Table `Economic_Simulator_Database`.`tbl_item_type_has_default_rule`
-- -----------------------------------------------------
DROP TABLE IF EXISTS `Economic_Simulator_Database`.`tbl_item_type_has_default_rule` ;

CREATE TABLE IF NOT EXISTS `Economic_Simulator_Database`.`tbl_item_type_has_default_rule` (
  `item_type_has_default_rule_id` INT NOT NULL AUTO_INCREMENT,
  `item_type_id` INT NOT NULL,
  `rule_id` INT NOT NULL,
  `economy_id` INT NOT NULL,
  PRIMARY KEY (`item_type_has_default_rule_id`),
  INDEX `fk_table1_tbl_rule1_idx` (`rule_id` ASC),
  INDEX `fk_tbl_item_type_has_rule_tbl_item_type1_idx` (`item_type_id` ASC),
  INDEX `fk_tbl_item_type_has_default_rule_tbl_economy1_idx` (`economy_id` ASC),
  CONSTRAINT `fk_table1_tbl_rule100`
    FOREIGN KEY (`rule_id`)
    REFERENCES `Economic_Simulator_Database`.`tbl_rule` (`rule_id`)
    ON DELETE NO ACTION
    ON UPDATE NO ACTION,
  CONSTRAINT `fk_tbl_item_type_has_rule_tbl_item_type10`
    FOREIGN KEY (`item_type_id`)
    REFERENCES `Economic_Simulator_Database`.`tbl_item_type` (`item_type_id`)
    ON DELETE NO ACTION
    ON UPDATE NO ACTION,
  CONSTRAINT `fk_tbl_item_type_has_default_rule_tbl_economy1`
    FOREIGN KEY (`economy_id`)
    REFERENCES `Economic_Simulator_Database`.`tbl_economy` (`economy_id`)
    ON DELETE NO ACTION
    ON UPDATE NO ACTION)
ENGINE = InnoDB;


-- -----------------------------------------------------
-- Table `Economic_Simulator_Database`.`tbl_entity_rent_entity_has_item`
-- -----------------------------------------------------
DROP TABLE IF EXISTS `Economic_Simulator_Database`.`tbl_entity_rent_entity_has_item` ;

CREATE TABLE IF NOT EXISTS `Economic_Simulator_Database`.`tbl_entity_rent_entity_has_item` (
  `entity_rent_entity_has_item_id` INT NOT NULL AUTO_INCREMENT,
  `entity_id` INT NOT NULL,
  `entity_has_item_id` INT NOT NULL,
  `price_per_day` INT NOT NULL,
  `beginning_date` DATETIME NOT NULL,
  `end_date` DATETIME NOT NULL,
  INDEX `fk_tbl_entity_rent_entity_has_item_tbl_entity1_idx` (`entity_id` ASC),
  INDEX `fk_tbl_entity_rent_entity_has_item_tbl_entity_has_item1_idx` (`entity_has_item_id` ASC),
  PRIMARY KEY (`entity_rent_entity_has_item_id`),
  CONSTRAINT `fk_tbl_entity_rent_entity_has_item_tbl_entity1`
    FOREIGN KEY (`entity_id`)
    REFERENCES `Economic_Simulator_Database`.`tbl_entity` (`entity_id`)
    ON DELETE NO ACTION
    ON UPDATE NO ACTION,
  CONSTRAINT `fk_tbl_entity_rent_entity_has_item_tbl_entity_has_item1`
    FOREIGN KEY (`entity_has_item_id`)
    REFERENCES `Economic_Simulator_Database`.`tbl_entity_has_item` (`entity_has_item_id`)
    ON DELETE NO ACTION
    ON UPDATE NO ACTION)
ENGINE = InnoDB;


SET SQL_MODE=@OLD_SQL_MODE;
SET FOREIGN_KEY_CHECKS=@OLD_FOREIGN_KEY_CHECKS;
SET UNIQUE_CHECKS=@OLD_UNIQUE_CHECKS;

-- -----------------------------------------------------
-- Data for table `Economic_Simulator_Database`.`tbl_rule_type`
-- -----------------------------------------------------
START TRANSACTION;
USE `Economic_Simulator_Database`;
INSERT INTO `Economic_Simulator_Database`.`tbl_rule_type` (`rule_type_id`, `rule_type`, `rule_type_description`) VALUES (1, 'Entity Action', 'Allows the Entity to be able to do that action. The parameters are as follows: display name, action link. The display name allows the Entity to view the link on the navbar, the action link leads them to a specific controllers action. The action depends on the method used in the link. ');
INSERT INTO `Economic_Simulator_Database`.`tbl_rule_type` (`rule_type_id`, `rule_type`, `rule_type_description`) VALUES (2, 'Entity Attribute Necessity', 'States the amount of the attribute that is necessary for the worker to survive and work in the next day. The parameters are as follows: attribute, necessity.');
INSERT INTO `Economic_Simulator_Database`.`tbl_rule_type` (`rule_type_id`, `rule_type`, `rule_type_description`) VALUES (3, 'Attribute Effect On Owner', 'States the effect on a specific attribute of the entity in ownership of that item or modifier. The parameters are as follows: attribute, effect. The effect is usually a number, but it can be a function as well with x as the attribute.');
INSERT INTO `Economic_Simulator_Database`.`tbl_rule_type` (`rule_type_id`, `rule_type`, `rule_type_description`) VALUES (4, 'Attribute Effect On Owner List', 'States the effect on a specific attribute of the entity list in ownership of that item or modifier. Meaning all people in that owners list are effected. The parameters are as follows: attribute, effect. The effect is usually a number, but it can be a function as well with x as the attribute.');
INSERT INTO `Economic_Simulator_Database`.`tbl_rule_type` (`rule_type_id`, `rule_type`, `rule_type_description`) VALUES (5, 'Attribute Effect On Owner Economy', 'States the effect on a specific attribute of the entity economy in ownership of that item or modifier. Meaning all people in that owners economy are effected. The parameters are as follows: attribute, effect. The effect is usually a number, but it can be a function as well with x as the attribute.');
INSERT INTO `Economic_Simulator_Database`.`tbl_rule_type` (`rule_type_id`, `rule_type`, `rule_type_description`) VALUES (8, 'Taxation From Purchaser', 'Whenever an Entity makes a purchase from another Economy (on the table that would be Economy_id_2) that entity will be taxed either a certain percentage or a specific rate that will be specified. This tax will then go to the Government, so all the entities that are marked Government will receive a split amount, e.g. if the tax is $25 and there were 5 government officials then all the Government entities in Economy_id_2 would get $5.');
INSERT INTO `Economic_Simulator_Database`.`tbl_rule_type` (`rule_type_id`, `rule_type`, `rule_type_description`) VALUES (12, 'Taxation From Purchaser Group', 'Whenever an Entity makes a purchase from another Economy (on the table that would be Economy_id_2) the entity group will then be taxed either a certain percentage or a specific rate that will be specified. The entity group will also be specified; it could be all the owners of the item in the Economy_id_1 (the economy which the purchaser is in), all the government officials in the Economy from the Purchaser, all the Companies, etc.  This means that the entire entity group must pay for the purchase, so everyone will have to split the tax costs and pull them all from their account. This tax will then go to the Government, so all the entities that are marked Government will receive a split amount, e.g. if the tax is $25 and there were 5 government officials then all the Government entities in Economy_id_2 would get $5.');
INSERT INTO `Economic_Simulator_Database`.`tbl_rule_type` (`rule_type_id`, `rule_type`, `rule_type_description`) VALUES (16, 'Taxation From Purchaser Economy', 'Whenever an Entity makes a purchase from another Economy (on the table that would be Economy_id_2) that economy which the entity resides in will be taxed either a certain percentage or a specific rate that will be specified. This means that the entire economy must pay for the purchase, so everyone will have to split the tax costs and pull them all from their account. This tax will then go to the Government, so all the entities that are marked Government will receive a split amount, e.g. if the tax is $25 and there were 5 government officials then all the Government entities in Economy_id_2 would get $5.');
INSERT INTO `Economic_Simulator_Database`.`tbl_rule_type` (`rule_type_id`, `rule_type`, `rule_type_description`) VALUES (18, 'Company Type', 'States the type of the Company, e.g. if the Company is either that of Food or Non-Food. This type also dictates what the control is over the items that they create. Food comapnies can only create Food items, and Non-Food companies can only create Non-Food items.');
INSERT INTO `Economic_Simulator_Database`.`tbl_rule_type` (`rule_type_id`, `rule_type`, `rule_type_description`) VALUES (19, 'Output Elasticity For Company Type', 'States the Alpha, in the Cobb Douglas production function, for the Production function in the Economy. The Alpha is to be different for each Company Type (Food, Non-Food), and as such the Company Type is to be Dictated.');
INSERT INTO `Economic_Simulator_Database`.`tbl_rule_type` (`rule_type_id`, `rule_type`, `rule_type_description`) VALUES (20, 'Company Total Factor Productivity', 'States the A, in the Cobb Douglas production function, (or Technology) of the Company. Used for the Production Function, this is for each individual company as it is controlled by the teacher and the Research done in that Company. The Techology can be increased when research has been done, yet these increases are done by modifiers owned by the company. As such, the A stays constant for the remainder of the Economic Runtime unless the Teacher changes it.');
INSERT INTO `Economic_Simulator_Database`.`tbl_rule_type` (`rule_type_id`, `rule_type`, `rule_type_description`) VALUES (21, 'Economy Production Function', 'States the Production Function that the Economy is going to use for its students. This function will dictate the output of the Workers. The value inside the Function will be that of the name of the Function, the rest will be controlled in the Economy Class.');
INSERT INTO `Economic_Simulator_Database`.`tbl_rule_type` (`rule_type_id`, `rule_type`, `rule_type_description`) VALUES (22, 'Item Export Economy', 'States the Economy that the item will be produced in.');
INSERT INTO `Economic_Simulator_Database`.`tbl_rule_type` (`rule_type_id`, `rule_type`, `rule_type_description`) VALUES (23, 'Economy Time Difference From UTC', 'States the time difference that the economy is to be located at to the Current Universal Time.');
INSERT INTO `Economic_Simulator_Database`.`tbl_rule_type` (`rule_type_id`, `rule_type`, `rule_type_description`) VALUES (24, 'Economy Reset After Midnight', 'States the time after (or before if theres a negative number) midnight that the Economy is to reset.');
INSERT INTO `Economic_Simulator_Database`.`tbl_rule_type` (`rule_type_id`, `rule_type`, `rule_type_description`) VALUES (25, 'Seats In Congress', 'States the amount of seats can be in congress, usually an odd number.');
INSERT INTO `Economic_Simulator_Database`.`tbl_rule_type` (`rule_type_id`, `rule_type`, `rule_type_description`) VALUES (26, 'Initial Entity Balance', 'States the initial balance on an entity. The appended form states the entity type.');
INSERT INTO `Economic_Simulator_Database`.`tbl_rule_type` (`rule_type_id`, `rule_type`, `rule_type_description`) VALUES (27, 'Item Benefit Start', 'States where the benefit will start for that Public Good.');
INSERT INTO `Economic_Simulator_Database`.`tbl_rule_type` (`rule_type_id`, `rule_type`, `rule_type_description`) VALUES (28, 'Item Benefit Decrease Rate', 'States the decrease rate of the public good, usually a multiple.');
INSERT INTO `Economic_Simulator_Database`.`tbl_rule_type` (`rule_type_id`, `rule_type`, `rule_type_description`) VALUES (29, 'Item Benefit Receiver', 'States the entity type that will receive the benifit.');
INSERT INTO `Economic_Simulator_Database`.`tbl_rule_type` (`rule_type_id`, `rule_type`, `rule_type_description`) VALUES (30, 'Petition Pass Percentage', 'States the ratio of votes that a petition needs to be put into action. This value ranges from 0 - 1.');
INSERT INTO `Economic_Simulator_Database`.`tbl_rule_type` (`rule_type_id`, `rule_type`, `rule_type_description`) VALUES (32, 'Economy Benefit Function', 'States the benefit function that the economy is going to use.');
INSERT INTO `Economic_Simulator_Database`.`tbl_rule_type` (`rule_type_id`, `rule_type`, `rule_type_description`) VALUES (33, 'Taxation of Entity Wealth', 'States the tax that an entity must pay daily to the government if their balance is over a specified amount.');
INSERT INTO `Economic_Simulator_Database`.`tbl_rule_type` (`rule_type_id`, `rule_type`, `rule_type_description`) VALUES (34, 'Minimum Value', 'States the minimum value for a rule attribute.');
INSERT INTO `Economic_Simulator_Database`.`tbl_rule_type` (`rule_type_id`, `rule_type`, `rule_type_description`) VALUES (35, 'Maximum Value', 'States the maximum value for a rule attribute.');

COMMIT;


-- -----------------------------------------------------
-- Data for table `Economic_Simulator_Database`.`tbl_rule`
-- -----------------------------------------------------
START TRANSACTION;
USE `Economic_Simulator_Database`;
INSERT INTO `Economic_Simulator_Database`.`tbl_rule` (`rule_id`, `rule_type_id`, `rule_name`, `rule_value`, `rule_attribute`, `rule_activated`) VALUES (1, 1, 'Worker Can Send Demand Survey', '', 'worker/sendDemandSurvey', 1);
INSERT INTO `Economic_Simulator_Database`.`tbl_rule` (`rule_id`, `rule_type_id`, `rule_name`, `rule_value`, `rule_attribute`, `rule_activated`) VALUES (2, 1, 'Worker Can Purchase Item', '', 'worker/purchaseItem', 1);
INSERT INTO `Economic_Simulator_Database`.`tbl_rule` (`rule_id`, `rule_type_id`, `rule_name`, `rule_value`, `rule_attribute`, `rule_activated`) VALUES (3, 1, 'Worker Can Create Company', '', 'worker/createCompany', 0);
INSERT INTO `Economic_Simulator_Database`.`tbl_rule` (`rule_id`, `rule_type_id`, `rule_name`, `rule_value`, `rule_attribute`, `rule_activated`) VALUES (4, 1, 'Worker Can Vote', '', 'worker/vote', 1);
INSERT INTO `Economic_Simulator_Database`.`tbl_rule` (`rule_id`, `rule_type_id`, `rule_name`, `rule_value`, `rule_attribute`, `rule_activated`) VALUES (5, 1, 'Worker Can Transfer Money', '', 'worker/transferMoney', 1);
INSERT INTO `Economic_Simulator_Database`.`tbl_rule` (`rule_id`, `rule_type_id`, `rule_name`, `rule_value`, `rule_attribute`, `rule_activated`) VALUES (6, 1, 'Worker Can Transfer Item', '', 'worker/transferItem', 0);
INSERT INTO `Economic_Simulator_Database`.`tbl_rule` (`rule_id`, `rule_type_id`, `rule_name`, `rule_value`, `rule_attribute`, `rule_activated`) VALUES (7, 1, 'Worker Can Create Rent Offer', '', 'worker/createRentOffer', 1);
INSERT INTO `Economic_Simulator_Database`.`tbl_rule` (`rule_id`, `rule_type_id`, `rule_name`, `rule_value`, `rule_attribute`, `rule_activated`) VALUES (8, 1, 'Worker Can Request Loan', '', 'worker/requestLoan', 0);
INSERT INTO `Economic_Simulator_Database`.`tbl_rule` (`rule_id`, `rule_type_id`, `rule_name`, `rule_value`, `rule_attribute`, `rule_activated`) VALUES (9, 1, 'Company Can Transfer Money', '', 'company/transferMoney', 1);
INSERT INTO `Economic_Simulator_Database`.`tbl_rule` (`rule_id`, `rule_type_id`, `rule_name`, `rule_value`, `rule_attribute`, `rule_activated`) VALUES (10, 1, 'Company Can Create Product', '', 'company/createProduct', 1);
INSERT INTO `Economic_Simulator_Database`.`tbl_rule` (`rule_id`, `rule_type_id`, `rule_name`, `rule_value`, `rule_attribute`, `rule_activated`) VALUES (11, 1, 'Company Can Update Product', '', 'company/updateProduct', 1);
INSERT INTO `Economic_Simulator_Database`.`tbl_rule` (`rule_id`, `rule_type_id`, `rule_name`, `rule_value`, `rule_attribute`, `rule_activated`) VALUES (12, 1, 'Company Can Purchase Item', '', 'company/purchaseItem', 1);
INSERT INTO `Economic_Simulator_Database`.`tbl_rule` (`rule_id`, `rule_type_id`, `rule_name`, `rule_value`, `rule_attribute`, `rule_activated`) VALUES (136, 2, 'Worker Health Necessity', '3', 'Health', 1);
INSERT INTO `Economic_Simulator_Database`.`tbl_rule` (`rule_id`, `rule_type_id`, `rule_name`, `rule_value`, `rule_attribute`, `rule_activated`) VALUES (139, 3, 'Health Effect On Owner', '1', 'Health', 1);
INSERT INTO `Economic_Simulator_Database`.`tbl_rule` (`rule_id`, `rule_type_id`, `rule_name`, `rule_value`, `rule_attribute`, `rule_activated`) VALUES (140, 4, 'Health Effect On Owner List', '0', 'Health', 0);
INSERT INTO `Economic_Simulator_Database`.`tbl_rule` (`rule_id`, `rule_type_id`, `rule_name`, `rule_value`, `rule_attribute`, `rule_activated`) VALUES (141, 5, 'Health Effect On Economy', '0', 'Health', 0);
INSERT INTO `Economic_Simulator_Database`.`tbl_rule` (`rule_id`, `rule_type_id`, `rule_name`, `rule_value`, `rule_attribute`, `rule_activated`) VALUES (142, 3, 'Efficiency Effect On Owner', '0', 'Efficiency', 0);
INSERT INTO `Economic_Simulator_Database`.`tbl_rule` (`rule_id`, `rule_type_id`, `rule_name`, `rule_value`, `rule_attribute`, `rule_activated`) VALUES (143, 4, 'Efficiency Effect On Owner List', '0', 'Efficiency', 0);
INSERT INTO `Economic_Simulator_Database`.`tbl_rule` (`rule_id`, `rule_type_id`, `rule_name`, `rule_value`, `rule_attribute`, `rule_activated`) VALUES (144, 5, 'Efficiency Effect On Economy', '0', 'Efficiency', 0);
INSERT INTO `Economic_Simulator_Database`.`tbl_rule` (`rule_id`, `rule_type_id`, `rule_name`, `rule_value`, `rule_attribute`, `rule_activated`) VALUES (145, 3, 'Monetary Effect On Owner', '0', 'Monetary', 0);
INSERT INTO `Economic_Simulator_Database`.`tbl_rule` (`rule_id`, `rule_type_id`, `rule_name`, `rule_value`, `rule_attribute`, `rule_activated`) VALUES (146, 4, 'Monetary Effect On Owner List', '0', 'Monetary', 0);
INSERT INTO `Economic_Simulator_Database`.`tbl_rule` (`rule_id`, `rule_type_id`, `rule_name`, `rule_value`, `rule_attribute`, `rule_activated`) VALUES (147, 5, 'Monetary Effect On Economy', '0', 'Monetary', 0);
INSERT INTO `Economic_Simulator_Database`.`tbl_rule` (`rule_id`, `rule_type_id`, `rule_name`, `rule_value`, `rule_attribute`, `rule_activated`) VALUES (148, 3, 'Health Effect On Owner', '0', 'Health', 0);
INSERT INTO `Economic_Simulator_Database`.`tbl_rule` (`rule_id`, `rule_type_id`, `rule_name`, `rule_value`, `rule_attribute`, `rule_activated`) VALUES (149, 4, 'Health Effect On Owner List', '0', 'Health', 0);
INSERT INTO `Economic_Simulator_Database`.`tbl_rule` (`rule_id`, `rule_type_id`, `rule_name`, `rule_value`, `rule_attribute`, `rule_activated`) VALUES (150, 5, 'Health Effect On Economy', '0', 'Health', 0);
INSERT INTO `Economic_Simulator_Database`.`tbl_rule` (`rule_id`, `rule_type_id`, `rule_name`, `rule_value`, `rule_attribute`, `rule_activated`) VALUES (151, 3, 'Efficiency Effect On Owner', '0', 'Efficiency', 0);
INSERT INTO `Economic_Simulator_Database`.`tbl_rule` (`rule_id`, `rule_type_id`, `rule_name`, `rule_value`, `rule_attribute`, `rule_activated`) VALUES (152, 4, 'Efficiency Effect On Owner List', '0', 'Efficiency', 0);
INSERT INTO `Economic_Simulator_Database`.`tbl_rule` (`rule_id`, `rule_type_id`, `rule_name`, `rule_value`, `rule_attribute`, `rule_activated`) VALUES (153, 5, 'Efficiency Effect On Economy', '0', 'Efficiency', 0);
INSERT INTO `Economic_Simulator_Database`.`tbl_rule` (`rule_id`, `rule_type_id`, `rule_name`, `rule_value`, `rule_attribute`, `rule_activated`) VALUES (154, 3, 'Monetary Effect On Owner', '0', 'Monetary', 0);
INSERT INTO `Economic_Simulator_Database`.`tbl_rule` (`rule_id`, `rule_type_id`, `rule_name`, `rule_value`, `rule_attribute`, `rule_activated`) VALUES (155, 4, 'Monetary Effect On Owner List', '0', 'Monetary', 0);
INSERT INTO `Economic_Simulator_Database`.`tbl_rule` (`rule_id`, `rule_type_id`, `rule_name`, `rule_value`, `rule_attribute`, `rule_activated`) VALUES (156, 5, 'Monetary Effect On Economy', '0', 'Monetary', 0);
INSERT INTO `Economic_Simulator_Database`.`tbl_rule` (`rule_id`, `rule_type_id`, `rule_name`, `rule_value`, `rule_attribute`, `rule_activated`) VALUES (157, 3, 'Health Effect On Owner', '0', 'Health', 0);
INSERT INTO `Economic_Simulator_Database`.`tbl_rule` (`rule_id`, `rule_type_id`, `rule_name`, `rule_value`, `rule_attribute`, `rule_activated`) VALUES (158, 4, 'Health Effect On Owner List', '0', 'Health', 0);
INSERT INTO `Economic_Simulator_Database`.`tbl_rule` (`rule_id`, `rule_type_id`, `rule_name`, `rule_value`, `rule_attribute`, `rule_activated`) VALUES (159, 5, 'Health Effect On Economy', '0', 'Health', 0);
INSERT INTO `Economic_Simulator_Database`.`tbl_rule` (`rule_id`, `rule_type_id`, `rule_name`, `rule_value`, `rule_attribute`, `rule_activated`) VALUES (160, 3, 'Efficiency Effect On Owner', '0', 'Efficiency', 0);
INSERT INTO `Economic_Simulator_Database`.`tbl_rule` (`rule_id`, `rule_type_id`, `rule_name`, `rule_value`, `rule_attribute`, `rule_activated`) VALUES (161, 4, 'Efficiency Effect On Owner List', '0', 'Efficiency', 0);
INSERT INTO `Economic_Simulator_Database`.`tbl_rule` (`rule_id`, `rule_type_id`, `rule_name`, `rule_value`, `rule_attribute`, `rule_activated`) VALUES (162, 5, 'Efficiency Effect On Economy', '0', 'Efficiency', 0);
INSERT INTO `Economic_Simulator_Database`.`tbl_rule` (`rule_id`, `rule_type_id`, `rule_name`, `rule_value`, `rule_attribute`, `rule_activated`) VALUES (163, 3, 'Monetary Effect On Owner', '0', 'Monetary', 0);
INSERT INTO `Economic_Simulator_Database`.`tbl_rule` (`rule_id`, `rule_type_id`, `rule_name`, `rule_value`, `rule_attribute`, `rule_activated`) VALUES (164, 4, 'Monetary Effect On Owner List', '0', 'Monetary', 0);
INSERT INTO `Economic_Simulator_Database`.`tbl_rule` (`rule_id`, `rule_type_id`, `rule_name`, `rule_value`, `rule_attribute`, `rule_activated`) VALUES (165, 5, 'Monetary Effect On Economy', '0', 'Monetary', 0);
INSERT INTO `Economic_Simulator_Database`.`tbl_rule` (`rule_id`, `rule_type_id`, `rule_name`, `rule_value`, `rule_attribute`, `rule_activated`) VALUES (186, 8, 'Sales Tax', '1', 'Sales', 0);
INSERT INTO `Economic_Simulator_Database`.`tbl_rule` (`rule_id`, `rule_type_id`, `rule_name`, `rule_value`, `rule_attribute`, `rule_activated`) VALUES (196, 18, 'Company Type', 'Food', '', 1);
INSERT INTO `Economic_Simulator_Database`.`tbl_rule` (`rule_id`, `rule_type_id`, `rule_name`, `rule_value`, `rule_attribute`, `rule_activated`) VALUES (197, 20, 'Company Technology For Food', '16', 'Food', 1);
INSERT INTO `Economic_Simulator_Database`.`tbl_rule` (`rule_id`, `rule_type_id`, `rule_name`, `rule_value`, `rule_attribute`, `rule_activated`) VALUES (198, 19, 'Economy Output Elasticity For Food Company', '0.8', 'Food', 1);
INSERT INTO `Economic_Simulator_Database`.`tbl_rule` (`rule_id`, `rule_type_id`, `rule_name`, `rule_value`, `rule_attribute`, `rule_activated`) VALUES (199, 19, 'Economy Output Elasticity For Non-Food Company', '0.7', 'Non-Food', 1);
INSERT INTO `Economic_Simulator_Database`.`tbl_rule` (`rule_id`, `rule_type_id`, `rule_name`, `rule_value`, `rule_attribute`, `rule_activated`) VALUES (200, 21, 'Economy Production Function', 'Cobb-Douglas', '', 1);
INSERT INTO `Economic_Simulator_Database`.`tbl_rule` (`rule_id`, `rule_type_id`, `rule_name`, `rule_value`, `rule_attribute`, `rule_activated`) VALUES (201, 22, 'Item Export Economy', '1', '', 1);
INSERT INTO `Economic_Simulator_Database`.`tbl_rule` (`rule_id`, `rule_type_id`, `rule_name`, `rule_value`, `rule_attribute`, `rule_activated`) VALUES (202, 22, 'Item Export Economy', '1', '', 1);
INSERT INTO `Economic_Simulator_Database`.`tbl_rule` (`rule_id`, `rule_type_id`, `rule_name`, `rule_value`, `rule_attribute`, `rule_activated`) VALUES (203, 3, 'Health Effect On Owner', '0', 'Health', 0);
INSERT INTO `Economic_Simulator_Database`.`tbl_rule` (`rule_id`, `rule_type_id`, `rule_name`, `rule_value`, `rule_attribute`, `rule_activated`) VALUES (204, 4, 'Health Effect On Owner List', '0', 'Health', 0);
INSERT INTO `Economic_Simulator_Database`.`tbl_rule` (`rule_id`, `rule_type_id`, `rule_name`, `rule_value`, `rule_attribute`, `rule_activated`) VALUES (205, 5, 'Health Effect On Economy', '0', 'Health', 0);
INSERT INTO `Economic_Simulator_Database`.`tbl_rule` (`rule_id`, `rule_type_id`, `rule_name`, `rule_value`, `rule_attribute`, `rule_activated`) VALUES (206, 3, 'Efficiency Effect On Owner', '1', 'Efficiency', 0);
INSERT INTO `Economic_Simulator_Database`.`tbl_rule` (`rule_id`, `rule_type_id`, `rule_name`, `rule_value`, `rule_attribute`, `rule_activated`) VALUES (207, 4, 'Efficiency Effect On Owner List', '0', 'Efficiency', 0);
INSERT INTO `Economic_Simulator_Database`.`tbl_rule` (`rule_id`, `rule_type_id`, `rule_name`, `rule_value`, `rule_attribute`, `rule_activated`) VALUES (208, 5, 'Efficiency Effect On Economy', '0', 'Efficiency', 0);
INSERT INTO `Economic_Simulator_Database`.`tbl_rule` (`rule_id`, `rule_type_id`, `rule_name`, `rule_value`, `rule_attribute`, `rule_activated`) VALUES (209, 3, 'Monetary Effect On Owner', '0', 'Monetary', 0);
INSERT INTO `Economic_Simulator_Database`.`tbl_rule` (`rule_id`, `rule_type_id`, `rule_name`, `rule_value`, `rule_attribute`, `rule_activated`) VALUES (210, 4, 'Monetary Effect On Owner List', '0', 'Monetary', 0);
INSERT INTO `Economic_Simulator_Database`.`tbl_rule` (`rule_id`, `rule_type_id`, `rule_name`, `rule_value`, `rule_attribute`, `rule_activated`) VALUES (211, 5, 'Monetary Effect On Economy', '0', 'Monetary', 0);
INSERT INTO `Economic_Simulator_Database`.`tbl_rule` (`rule_id`, `rule_type_id`, `rule_name`, `rule_value`, `rule_attribute`, `rule_activated`) VALUES (212, 3, 'Health Effect On Owner', '0', 'Health', 0);
INSERT INTO `Economic_Simulator_Database`.`tbl_rule` (`rule_id`, `rule_type_id`, `rule_name`, `rule_value`, `rule_attribute`, `rule_activated`) VALUES (213, 4, 'Health Effect On Owner List', '0', 'Health', 0);
INSERT INTO `Economic_Simulator_Database`.`tbl_rule` (`rule_id`, `rule_type_id`, `rule_name`, `rule_value`, `rule_attribute`, `rule_activated`) VALUES (214, 5, 'Health Effect On Economy', '0', 'Health', 0);
INSERT INTO `Economic_Simulator_Database`.`tbl_rule` (`rule_id`, `rule_type_id`, `rule_name`, `rule_value`, `rule_attribute`, `rule_activated`) VALUES (215, 3, 'Efficiency Effect On Owner', '1', 'Efficiency', 0);
INSERT INTO `Economic_Simulator_Database`.`tbl_rule` (`rule_id`, `rule_type_id`, `rule_name`, `rule_value`, `rule_attribute`, `rule_activated`) VALUES (216, 4, 'Efficiency Effect On Owner List', '0', 'Efficiency', 0);
INSERT INTO `Economic_Simulator_Database`.`tbl_rule` (`rule_id`, `rule_type_id`, `rule_name`, `rule_value`, `rule_attribute`, `rule_activated`) VALUES (217, 5, 'Efficiency Effect On Economy', '0', 'Efficiency', 0);
INSERT INTO `Economic_Simulator_Database`.`tbl_rule` (`rule_id`, `rule_type_id`, `rule_name`, `rule_value`, `rule_attribute`, `rule_activated`) VALUES (218, 3, 'Monetary Effect On Owner', '0', 'Monetary', 0);
INSERT INTO `Economic_Simulator_Database`.`tbl_rule` (`rule_id`, `rule_type_id`, `rule_name`, `rule_value`, `rule_attribute`, `rule_activated`) VALUES (219, 4, 'Monetary Effect On Owner List', '0', 'Monetary', 0);
INSERT INTO `Economic_Simulator_Database`.`tbl_rule` (`rule_id`, `rule_type_id`, `rule_name`, `rule_value`, `rule_attribute`, `rule_activated`) VALUES (220, 5, 'Monetary Effect On Economy', '0', 'Monetary', 0);
INSERT INTO `Economic_Simulator_Database`.`tbl_rule` (`rule_id`, `rule_type_id`, `rule_name`, `rule_value`, `rule_attribute`, `rule_activated`) VALUES (221, 3, 'Health Effect On Owner', '0', 'Health', 0);
INSERT INTO `Economic_Simulator_Database`.`tbl_rule` (`rule_id`, `rule_type_id`, `rule_name`, `rule_value`, `rule_attribute`, `rule_activated`) VALUES (222, 4, 'Health Effect On Owner List', '0', 'Health', 0);
INSERT INTO `Economic_Simulator_Database`.`tbl_rule` (`rule_id`, `rule_type_id`, `rule_name`, `rule_value`, `rule_attribute`, `rule_activated`) VALUES (223, 5, 'Health Effect On Economy', '0', 'Health', 0);
INSERT INTO `Economic_Simulator_Database`.`tbl_rule` (`rule_id`, `rule_type_id`, `rule_name`, `rule_value`, `rule_attribute`, `rule_activated`) VALUES (224, 3, 'Efficiency Effect On Owner', '1', 'Efficiency', 0);
INSERT INTO `Economic_Simulator_Database`.`tbl_rule` (`rule_id`, `rule_type_id`, `rule_name`, `rule_value`, `rule_attribute`, `rule_activated`) VALUES (225, 4, 'Efficiency Effect On Owner List', '0', 'Efficiency', 0);
INSERT INTO `Economic_Simulator_Database`.`tbl_rule` (`rule_id`, `rule_type_id`, `rule_name`, `rule_value`, `rule_attribute`, `rule_activated`) VALUES (226, 5, 'Efficiency Effect On Economy', '0', 'Efficiency', 0);
INSERT INTO `Economic_Simulator_Database`.`tbl_rule` (`rule_id`, `rule_type_id`, `rule_name`, `rule_value`, `rule_attribute`, `rule_activated`) VALUES (227, 3, 'Monetary Effect On Owner', '0', 'Monetary', 0);
INSERT INTO `Economic_Simulator_Database`.`tbl_rule` (`rule_id`, `rule_type_id`, `rule_name`, `rule_value`, `rule_attribute`, `rule_activated`) VALUES (228, 4, 'Monetary Effect On Owner List', '0', 'Monetary', 0);
INSERT INTO `Economic_Simulator_Database`.`tbl_rule` (`rule_id`, `rule_type_id`, `rule_name`, `rule_value`, `rule_attribute`, `rule_activated`) VALUES (229, 5, 'Monetary Effect On Economy', '0', 'Monetary', 0);
INSERT INTO `Economic_Simulator_Database`.`tbl_rule` (`rule_id`, `rule_type_id`, `rule_name`, `rule_value`, `rule_attribute`, `rule_activated`) VALUES (230, 23, 'Economy Time Difference From UTC', '-5', '', 1);
INSERT INTO `Economic_Simulator_Database`.`tbl_rule` (`rule_id`, `rule_type_id`, `rule_name`, `rule_value`, `rule_attribute`, `rule_activated`) VALUES (231, 24, 'Economy Reset After Midnight', '4', '', 1);
INSERT INTO `Economic_Simulator_Database`.`tbl_rule` (`rule_id`, `rule_type_id`, `rule_name`, `rule_value`, `rule_attribute`, `rule_activated`) VALUES (232, 8, 'Income Tax For Worker', '1', 'Income', 1);
INSERT INTO `Economic_Simulator_Database`.`tbl_rule` (`rule_id`, `rule_type_id`, `rule_name`, `rule_value`, `rule_attribute`, `rule_activated`) VALUES (233, 12, 'Sales Tax For Food Company', '1', 'Food', 1);
INSERT INTO `Economic_Simulator_Database`.`tbl_rule` (`rule_id`, `rule_type_id`, `rule_name`, `rule_value`, `rule_attribute`, `rule_activated`) VALUES (234, 12, 'Sales Tax For Non-Food Company', '1', 'Non-Food', 1);
INSERT INTO `Economic_Simulator_Database`.`tbl_rule` (`rule_id`, `rule_type_id`, `rule_name`, `rule_value`, `rule_attribute`, `rule_activated`) VALUES (235, 12, 'Sales Tax For Machine Company', '1', 'Machine', 1);
INSERT INTO `Economic_Simulator_Database`.`tbl_rule` (`rule_id`, `rule_type_id`, `rule_name`, `rule_value`, `rule_attribute`, `rule_activated`) VALUES (236, 12, 'Sales Tax For Public Good Company', '1', 'Public Good', 1);
INSERT INTO `Economic_Simulator_Database`.`tbl_rule` (`rule_id`, `rule_type_id`, `rule_name`, `rule_value`, `rule_attribute`, `rule_activated`) VALUES (237, 8, 'Property Tax', '1', 'Property', 1);
INSERT INTO `Economic_Simulator_Database`.`tbl_rule` (`rule_id`, `rule_type_id`, `rule_name`, `rule_value`, `rule_attribute`, `rule_activated`) VALUES (238, 8, 'Tariff', '1', 'Tariff', 1);
INSERT INTO `Economic_Simulator_Database`.`tbl_rule` (`rule_id`, `rule_type_id`, `rule_name`, `rule_value`, `rule_attribute`, `rule_activated`) VALUES (239, 33, 'Wealth Tax', '1', 'Wealth', 1);
INSERT INTO `Economic_Simulator_Database`.`tbl_rule` (`rule_id`, `rule_type_id`, `rule_name`, `rule_value`, `rule_attribute`, `rule_activated`) VALUES (240, 25, 'Seats In Congress', '5', '', 1);
INSERT INTO `Economic_Simulator_Database`.`tbl_rule` (`rule_id`, `rule_type_id`, `rule_name`, `rule_value`, `rule_attribute`, `rule_activated`) VALUES (242, 19, 'Economy Output Elasticity For Public Good Company', '0.7', 'Public Good', 1);
INSERT INTO `Economic_Simulator_Database`.`tbl_rule` (`rule_id`, `rule_type_id`, `rule_name`, `rule_value`, `rule_attribute`, `rule_activated`) VALUES (243, 20, 'Company Technology For Non-Food', '16', 'Non-Food', 1);
INSERT INTO `Economic_Simulator_Database`.`tbl_rule` (`rule_id`, `rule_type_id`, `rule_name`, `rule_value`, `rule_attribute`, `rule_activated`) VALUES (244, 20, 'Company Technology For Public Good', '16', 'Public Good', 1);
INSERT INTO `Economic_Simulator_Database`.`tbl_rule` (`rule_id`, `rule_type_id`, `rule_name`, `rule_value`, `rule_attribute`, `rule_activated`) VALUES (245, 27, 'Benefit Start For Health', '20', 'Health', 1);
INSERT INTO `Economic_Simulator_Database`.`tbl_rule` (`rule_id`, `rule_type_id`, `rule_name`, `rule_value`, `rule_attribute`, `rule_activated`) VALUES (246, 28, 'Benefit Decrease Rate For Health', '1', 'Health', 1);
INSERT INTO `Economic_Simulator_Database`.`tbl_rule` (`rule_id`, `rule_type_id`, `rule_name`, `rule_value`, `rule_attribute`, `rule_activated`) VALUES (247, 27, 'Benefit Start For Monetary', '20', 'Monetary', 1);
INSERT INTO `Economic_Simulator_Database`.`tbl_rule` (`rule_id`, `rule_type_id`, `rule_name`, `rule_value`, `rule_attribute`, `rule_activated`) VALUES (248, 28, 'Benefit Decrease Rate For Monetary', '1', 'Monetary', 1);
INSERT INTO `Economic_Simulator_Database`.`tbl_rule` (`rule_id`, `rule_type_id`, `rule_name`, `rule_value`, `rule_attribute`, `rule_activated`) VALUES (249, 27, 'Benefit Start For Efficiency', '20', 'Efficiency', 1);
INSERT INTO `Economic_Simulator_Database`.`tbl_rule` (`rule_id`, `rule_type_id`, `rule_name`, `rule_value`, `rule_attribute`, `rule_activated`) VALUES (250, 28, 'Benefit Decrease Rate For Efficiency', '1', 'Efficiency', 1);
INSERT INTO `Economic_Simulator_Database`.`tbl_rule` (`rule_id`, `rule_type_id`, `rule_name`, `rule_value`, `rule_attribute`, `rule_activated`) VALUES (251, 29, 'Benefit Receiver', 'Worker', '', 1);
INSERT INTO `Economic_Simulator_Database`.`tbl_rule` (`rule_id`, `rule_type_id`, `rule_name`, `rule_value`, `rule_attribute`, `rule_activated`) VALUES (252, 30, 'Petition Pass Percentage', '1', '', 1);
INSERT INTO `Economic_Simulator_Database`.`tbl_rule` (`rule_id`, `rule_type_id`, `rule_name`, `rule_value`, `rule_attribute`, `rule_activated`) VALUES (254, 26, 'Initial Worker Balance', '100', 'Worker', 1);
INSERT INTO `Economic_Simulator_Database`.`tbl_rule` (`rule_id`, `rule_type_id`, `rule_name`, `rule_value`, `rule_attribute`, `rule_activated`) VALUES (255, 26, 'Initial Company Balance', '100', 'Company', 1);
INSERT INTO `Economic_Simulator_Database`.`tbl_rule` (`rule_id`, `rule_type_id`, `rule_name`, `rule_value`, `rule_attribute`, `rule_activated`) VALUES (257, 22, 'Item Export Economy', '1', '', 1);
INSERT INTO `Economic_Simulator_Database`.`tbl_rule` (`rule_id`, `rule_type_id`, `rule_name`, `rule_value`, `rule_attribute`, `rule_activated`) VALUES (258, 22, 'Item Export Economy', '1', '', 1);
INSERT INTO `Economic_Simulator_Database`.`tbl_rule` (`rule_id`, `rule_type_id`, `rule_name`, `rule_value`, `rule_attribute`, `rule_activated`) VALUES (259, 22, 'Item Export Economy', '1', '', 1);
INSERT INTO `Economic_Simulator_Database`.`tbl_rule` (`rule_id`, `rule_type_id`, `rule_name`, `rule_value`, `rule_attribute`, `rule_activated`) VALUES (260, 22, 'Item Export Economy', '1', '', 1);
INSERT INTO `Economic_Simulator_Database`.`tbl_rule` (`rule_id`, `rule_type_id`, `rule_name`, `rule_value`, `rule_attribute`, `rule_activated`) VALUES (261, 22, 'Item Export Economy', '1', '', 1);
INSERT INTO `Economic_Simulator_Database`.`tbl_rule` (`rule_id`, `rule_type_id`, `rule_name`, `rule_value`, `rule_attribute`, `rule_activated`) VALUES (262, 32, 'Economy Benefit Function', 'Linear', '', 1);
INSERT INTO `Economic_Simulator_Database`.`tbl_rule` (`rule_id`, `rule_type_id`, `rule_name`, `rule_value`, `rule_attribute`, `rule_activated`) VALUES (263, 33, 'Wealth Tax Threshold', '20', 'Threshold', 1);
INSERT INTO `Economic_Simulator_Database`.`tbl_rule` (`rule_id`, `rule_type_id`, `rule_name`, `rule_value`, `rule_attribute`, `rule_activated`) VALUES (264, 34, 'Minimum Wage', '0.01', 'Wage', 1);
INSERT INTO `Economic_Simulator_Database`.`tbl_rule` (`rule_id`, `rule_type_id`, `rule_name`, `rule_value`, `rule_attribute`, `rule_activated`) VALUES (265, 35, 'Maximum Wage', '10', 'Wage', 1);
INSERT INTO `Economic_Simulator_Database`.`tbl_rule` (`rule_id`, `rule_type_id`, `rule_name`, `rule_value`, `rule_attribute`, `rule_activated`) VALUES (266, 34, 'Minimum Rent', '0.01', 'Rent', 1);
INSERT INTO `Economic_Simulator_Database`.`tbl_rule` (`rule_id`, `rule_type_id`, `rule_name`, `rule_value`, `rule_attribute`, `rule_activated`) VALUES (267, 35, 'Maximum Rent', '10', 'Rent', 1);
INSERT INTO `Economic_Simulator_Database`.`tbl_rule` (`rule_id`, `rule_type_id`, `rule_name`, `rule_value`, `rule_attribute`, `rule_activated`) VALUES (268, 34, 'Minimum Food Price', '0.01', 'Food Price', 1);
INSERT INTO `Economic_Simulator_Database`.`tbl_rule` (`rule_id`, `rule_type_id`, `rule_name`, `rule_value`, `rule_attribute`, `rule_activated`) VALUES (269, 35, 'Maximum Food Price', '10', 'Food Price', 1);
INSERT INTO `Economic_Simulator_Database`.`tbl_rule` (`rule_id`, `rule_type_id`, `rule_name`, `rule_value`, `rule_attribute`, `rule_activated`) VALUES (270, 34, 'Minimum Non-Food Price', '0.01', 'Non-Food Price', 1);
INSERT INTO `Economic_Simulator_Database`.`tbl_rule` (`rule_id`, `rule_type_id`, `rule_name`, `rule_value`, `rule_attribute`, `rule_activated`) VALUES (271, 35, 'Maximum Non-Food Price', '10', 'Non-Food Price', 1);

COMMIT;


-- -----------------------------------------------------
-- Data for table `Economic_Simulator_Database`.`tbl_entity_type`
-- -----------------------------------------------------
START TRANSACTION;
USE `Economic_Simulator_Database`;
INSERT INTO `Economic_Simulator_Database`.`tbl_entity_type` (`entity_type_id`, `entity_type`, `entity_type_description`) VALUES (1, 'Worker', 'Entity has basic rights to functionality when it comes to message creation, creating a Company/Bank, and then also voting. Has all the rights a human citizen would.');
INSERT INTO `Economic_Simulator_Database`.`tbl_entity_type` (`entity_type_id`, `entity_type`, `entity_type_description`) VALUES (2, 'Company', 'Entity has all the rights to hiring, stating the salary, defining items, and creating specific rules to those items.');
INSERT INTO `Economic_Simulator_Database`.`tbl_entity_type` (`entity_type_id`, `entity_type`, `entity_type_description`) VALUES (3, 'Government', 'Entity has all the rights to petitioning, creating new rules for any type or specific row in any Modifier, Entity, Item, Market, Economy, EconomyRelation.');
INSERT INTO `Economic_Simulator_Database`.`tbl_entity_type` (`entity_type_id`, `entity_type`, `entity_type_description`) VALUES (4, 'Bank', 'Entity has all rights to creating loans, giving them rules, and handing out loans to entities.');
INSERT INTO `Economic_Simulator_Database`.`tbl_entity_type` (`entity_type_id`, `entity_type`, `entity_type_description`) VALUES (5, 'Accessor', 'Entity has access to all Table rows and has rights to manipulate the rows as seen fit.');
INSERT INTO `Economic_Simulator_Database`.`tbl_entity_type` (`entity_type_id`, `entity_type`, `entity_type_description`) VALUES (6, 'Public Messenger', 'Entity is Individually Owned by the Economy and is used to collect messages for the Economy to display to all of the Entities in that Economy.');

COMMIT;


-- -----------------------------------------------------
-- Data for table `Economic_Simulator_Database`.`tbl_economy`
-- -----------------------------------------------------
START TRANSACTION;
USE `Economic_Simulator_Database`;
INSERT INTO `Economic_Simulator_Database`.`tbl_economy` (`economy_id`, `economy`, `economy_description`, `creation_date`, `end_date`) VALUES (1, 'Default', 'The default economy is used to copy rules when a new economy is created.', NULL, NULL);

COMMIT;


-- -----------------------------------------------------
-- Data for table `Economic_Simulator_Database`.`tbl_item_type`
-- -----------------------------------------------------
START TRANSACTION;
USE `Economic_Simulator_Database`;
INSERT INTO `Economic_Simulator_Database`.`tbl_item_type` (`item_type_id`, `item_type`, `item_type_description`) VALUES (1, 'Food', 'Item can be purchased from only workers and must be eaten 24hrs after it has been purchased or else it will perish.');
INSERT INTO `Economic_Simulator_Database`.`tbl_item_type` (`item_type_id`, `item_type`, `item_type_description`) VALUES (2, 'Non-Food', 'Item can be purchased from only workers and will last forever.');
INSERT INTO `Economic_Simulator_Database`.`tbl_item_type` (`item_type_id`, `item_type`, `item_type_description`) VALUES (3, 'Loan', 'Item can be purchased from any entity except the Accessor. A loan can only be created by a Bank.');
INSERT INTO `Economic_Simulator_Database`.`tbl_item_type` (`item_type_id`, `item_type`, `item_type_description`) VALUES (4, 'Degree', 'The Degree item can either be purchased or given to from a Teacher, Company, or Government. The item is that of a Bachelors, Masters, etc.');
INSERT INTO `Economic_Simulator_Database`.`tbl_item_type` (`item_type_id`, `item_type`, `item_type_description`) VALUES (5, 'Machine', 'The Machine item can either be purchased or given to from a Teacher, Company, or Government. The item is that of machine level one, machine level two, etc.');
INSERT INTO `Economic_Simulator_Database`.`tbl_item_type` (`item_type_id`, `item_type`, `item_type_description`) VALUES (6, 'Land', 'The Land item can either be purchased or given to from a Teacher, Company, or Goverment. The item is that of land, it gives the level of efficiency specified by that of the Teacher, or Government.');
INSERT INTO `Economic_Simulator_Database`.`tbl_item_type` (`item_type_id`, `item_type`, `item_type_description`) VALUES (7, 'Public Good', 'The Public Good item states the benefits of having a public good in the economy, it allows the teacher to build roads and then define the benifit that these items have.');

COMMIT;


-- -----------------------------------------------------
-- Data for table `Economic_Simulator_Database`.`tbl_entity`
-- -----------------------------------------------------
START TRANSACTION;
USE `Economic_Simulator_Database`;
INSERT INTO `Economic_Simulator_Database`.`tbl_entity` (`entity_id`, `entity_type_id`, `entity`, `balance`, `creation_date`) VALUES (1, 1, 'Logging', 0, NULL);
INSERT INTO `Economic_Simulator_Database`.`tbl_entity` (`entity_id`, `entity_type_id`, `entity`, `balance`, `creation_date`) VALUES (2, 5, 'Admin Accessor', 0, NULL);
INSERT INTO `Economic_Simulator_Database`.`tbl_entity` (`entity_id`, `entity_type_id`, `entity`, `balance`, `creation_date`) VALUES (3, 5, 'Alan Green', 0, NULL);

COMMIT;


-- -----------------------------------------------------
-- Data for table `Economic_Simulator_Database`.`tbl_economy_relation`
-- -----------------------------------------------------
START TRANSACTION;
USE `Economic_Simulator_Database`;
INSERT INTO `Economic_Simulator_Database`.`tbl_economy_relation` (`economy_relation_id`, `economy_from_id`, `economy_to_id`) VALUES (1, 1, 1);

COMMIT;


-- -----------------------------------------------------
-- Data for table `Economic_Simulator_Database`.`tbl_user_type`
-- -----------------------------------------------------
START TRANSACTION;
USE `Economic_Simulator_Database`;
INSERT INTO `Economic_Simulator_Database`.`tbl_user_type` (`user_type_id`, `user_type`, `user_type_description`) VALUES (1, 'Super', 'User has access to all of the Table rows and can manipulate them as seen fit. Super user has no right to changing other Super users.');
INSERT INTO `Economic_Simulator_Database`.`tbl_user_type` (`user_type_id`, `user_type`, `user_type_description`) VALUES (2, 'Admin', 'User has access to all of the Table rows and can manipulate them as seen fit. Admin user has no right to changing Super users and other Admin users.');
INSERT INTO `Economic_Simulator_Database`.`tbl_user_type` (`user_type_id`, `user_type`, `user_type_description`) VALUES (3, 'Teacher', 'User has access to all relevent Table rows associated with the Teacher users class.');
INSERT INTO `Economic_Simulator_Database`.`tbl_user_type` (`user_type_id`, `user_type`, `user_type_description`) VALUES (4, 'Student', 'User has access to only his specific Table rows, he has all the rights to access his own entities, messages, items, modifiers, rules, and market.');

COMMIT;


-- -----------------------------------------------------
-- Data for table `Economic_Simulator_Database`.`tbl_user`
-- -----------------------------------------------------
START TRANSACTION;
USE `Economic_Simulator_Database`;
INSERT INTO `Economic_Simulator_Database`.`tbl_user` (`user_id`, `user_type_id`, `email_address`, `first_name`, `last_name`, `cell_phone`) VALUES (1, 1, 'economic@simulator.com', 'first', 'last', '');
INSERT INTO `Economic_Simulator_Database`.`tbl_user` (`user_id`, `user_type_id`, `email_address`, `first_name`, `last_name`, `cell_phone`) VALUES (2, 3, 'agreen1@stetson.edu', 'Alan', 'Green', '(000) 000-0000');

COMMIT;


-- -----------------------------------------------------
-- Data for table `Economic_Simulator_Database`.`tbl_user_has_entity`
-- -----------------------------------------------------
START TRANSACTION;
USE `Economic_Simulator_Database`;
INSERT INTO `Economic_Simulator_Database`.`tbl_user_has_entity` (`user_has_entity_id`, `user_id`, `entity_id`) VALUES (1, 1, 2);
INSERT INTO `Economic_Simulator_Database`.`tbl_user_has_entity` (`user_has_entity_id`, `user_id`, `entity_id`) VALUES (2, 2, 3);

COMMIT;


-- -----------------------------------------------------
-- Data for table `Economic_Simulator_Database`.`tbl_message_type`
-- -----------------------------------------------------
START TRANSACTION;
USE `Economic_Simulator_Database`;
INSERT INTO `Economic_Simulator_Database`.`tbl_message_type` (`message_type_id`, `message_type`, `message_type_description`) VALUES (1, 'Chat', 'This type of Message is just a basic form of transferring speech from one entity to another. It’s like a simple chat service.');
INSERT INTO `Economic_Simulator_Database`.`tbl_message_type` (`message_type_id`, `message_type`, `message_type_description`) VALUES (2, 'Item Transfer', 'This type of Message states that there was a transfer of items from one object to another. This can either be a purchase, the teacher may give the student workers an item, or a company may be giving a Worker an item. This item can be anything from a beer to a virus.');
INSERT INTO `Economic_Simulator_Database`.`tbl_message_type` (`message_type_id`, `message_type`, `message_type_description`) VALUES (3, 'Modifier Transfer', 'This type of Message states that there was a transfer of modifiers from one object to another. This can either be a purchase of an modifier, or the teacher may be giving a student entity a modifier for a multitude of reasons.');
INSERT INTO `Economic_Simulator_Database`.`tbl_message_type` (`message_type_id`, `message_type`, `message_type_description`) VALUES (4, 'Monetary Transfer', 'This type of Message states a transfer of money from one entity to another. This can be a purchase, it can from the cause of an item, or it may even from taxation; it defines any moment in which money is either added or deducted.');
INSERT INTO `Economic_Simulator_Database`.`tbl_message_type` (`message_type_id`, `message_type`, `message_type_description`) VALUES (5, 'Health Transfer', 'This type of Message states a transfer of health from one entity to another. This can be the result of eating an item, if the teacher gave away food, or if a modifier had rules to state that there is a change in the health.');
INSERT INTO `Economic_Simulator_Database`.`tbl_message_type` (`message_type_id`, `message_type`, `message_type_description`) VALUES (6, 'Efficiency Transfer', 'This type of Message states a transfer of efficiency from one entity to another. This can be the result of the rules of a modifier, or the rules of an item.');
INSERT INTO `Economic_Simulator_Database`.`tbl_message_type` (`message_type_id`, `message_type`, `message_type_description`) VALUES (7, 'Job Offer', 'This type of Message states a request for a work offer. This message type is usually inclusive to that of the Company entity, as the company entity needs workers with which to create items for the market under the companies’ name.');
INSERT INTO `Economic_Simulator_Database`.`tbl_message_type` (`message_type_id`, `message_type`, `message_type_description`) VALUES (8, 'Accept Job Offer', 'This type of Message states an acceptance of the previous request. This message type usually pertains to the Worker entity and Company entity as the Worker entity is the one to receive job offers from companies, and the Company is the one to receive revisions.');
INSERT INTO `Economic_Simulator_Database`.`tbl_message_type` (`message_type_id`, `message_type`, `message_type_description`) VALUES (9, 'Reject Job Offer', 'This type of Message states a rejection of the job request. This message type pertains to both a Company and a Worker as the Worker can decline a job request and a Company can decline a revision of the job request.');
INSERT INTO `Economic_Simulator_Database`.`tbl_message_type` (`message_type_id`, `message_type`, `message_type_description`) VALUES (10, 'Revise Job Offer', 'This type of Message states a revision of the previous request, or revision.  This message type pertains to both the Company and Worker; a worker can revise a request or another revision, and a Company can revise a revision.');
INSERT INTO `Economic_Simulator_Database`.`tbl_message_type` (`message_type_id`, `message_type`, `message_type_description`) VALUES (11, 'Petition For Entity', 'This type of Message states a petition to request an addition of workers to the government list, or a request to remove a government entity. These petitions need a specific amount of votes from anyone whom the message was sent to, and the amount is defined by the economy rule.');
INSERT INTO `Economic_Simulator_Database`.`tbl_message_type` (`message_type_id`, `message_type`, `message_type_description`) VALUES (12, 'Petition For Rule', 'This type of Message states a petition to request the change of a rule inside the economy. This rule can be anything from something in relation to an item or a specific item type, to dictate the creation of new items and the rules associated with them of that item type.');
INSERT INTO `Economic_Simulator_Database`.`tbl_message_type` (`message_type_id`, `message_type`, `message_type_description`) VALUES (13, 'Vote For Petition', 'This type of Message states a vote for a specific petition. This rule pertains to all of the Entities that pertain to students; Workers, Companies, Banks, and Government.');
INSERT INTO `Economic_Simulator_Database`.`tbl_message_type` (`message_type_id`, `message_type`, `message_type_description`) VALUES (14, 'Loan Request', 'This type of Message states a request for a loan offer. This request can be of a specific amount with a specific interest associated with that amount request. This request is usually sent out by either a Worker or a Company, as a Worker you would need a loan for health, the Company would need money for resources such as workers and land.');
INSERT INTO `Economic_Simulator_Database`.`tbl_message_type` (`message_type_id`, `message_type`, `message_type_description`) VALUES (15, 'Accept Loan Request', 'This type of Message states an acceptance to the loan request created, whether it be a revision or not. This request can be from either the Company, Worker, or Bank entity as both would give in to accepting either an initial offer or a revison of that initial offer.');
INSERT INTO `Economic_Simulator_Database`.`tbl_message_type` (`message_type_id`, `message_type`, `message_type_description`) VALUES (16, 'Reject Loan Request', 'This type of Message states a rejection of a loan request. This message pertains to the Worker, Company, and Bank entities as they will all get a loan request whether it be a revision or a sent request, and those entities must decide if they will take that offer.');
INSERT INTO `Economic_Simulator_Database`.`tbl_message_type` (`message_type_id`, `message_type`, `message_type_description`) VALUES (17, 'Revise Loan Request', 'This type of Message states a revision of a loan request. This message pertains to the Worker, Company, and Bank as they will all get either a loan request, or a revison of their previous loan. This will allow them to change that request and manipulate either the total monetary amount, and interest.');
INSERT INTO `Economic_Simulator_Database`.`tbl_message_type` (`message_type_id`, `message_type`, `message_type_description`) VALUES (18, 'Create Economy', 'This type of Message states a creation of an economy. This message is sent to the Economic Simulator Entity, as it is a representation of a logging entity.');
INSERT INTO `Economic_Simulator_Database`.`tbl_message_type` (`message_type_id`, `message_type`, `message_type_description`) VALUES (19, 'Create Economy Has Entity', 'This type of Message states a creation of an economy has entity row, so whenever an Entity is newly associated with the Economy. This message is sent to the Economic Simulator Entity, as it is a representation of a logging entity.');
INSERT INTO `Economic_Simulator_Database`.`tbl_message_type` (`message_type_id`, `message_type`, `message_type_description`) VALUES (20, 'Create Economy Has Rule', 'This type of Message states a creation of an economy has rule row, so whenever a Rule is newly associated with the Economy. This message is sent to the Economic Simulator Entity, as it is a representation of a logging entity.');
INSERT INTO `Economic_Simulator_Database`.`tbl_message_type` (`message_type_id`, `message_type`, `message_type_description`) VALUES (21, 'Create Economy Relation', 'This type of Message states a creation of an economy relation. This message is sent to the Economic Simulator Entity, as it is a representation of a logging entity.');
INSERT INTO `Economic_Simulator_Database`.`tbl_message_type` (`message_type_id`, `message_type`, `message_type_description`) VALUES (22, 'Create Economy Relation Has Rule', 'This type of Message states a creation of an economy relation has rule row, so whenever a Rule is newly associated with the Economy Relation. This message is sent to the Economic Simulator Entity, as it is a representation of a logging entity.');
INSERT INTO `Economic_Simulator_Database`.`tbl_message_type` (`message_type_id`, `message_type`, `message_type_description`) VALUES (23, 'Create Entity', 'This type of Message states a creation of an entity. This message is sent to the Economic Simulator Entity, as it is a representation of a logging entity.');
INSERT INTO `Economic_Simulator_Database`.`tbl_message_type` (`message_type_id`, `message_type`, `message_type_description`) VALUES (24, 'Create Entity Has Item', 'This type of Message states a creation of an entity has item row, so whenever an Item is newly associated with the Entity. This message is sent to the Economic Simulator Entity, as it is a representation of a logging entity.');
INSERT INTO `Economic_Simulator_Database`.`tbl_message_type` (`message_type_id`, `message_type`, `message_type_description`) VALUES (25, 'Create Entity Has Modifier', 'This type of Message states a creation of an entity has modifier row, so whenever a Modifier is newly associated with the Entity. This message is sent to the Economic Simulator Entity, as it is a representation of a logging entity.');
INSERT INTO `Economic_Simulator_Database`.`tbl_message_type` (`message_type_id`, `message_type`, `message_type_description`) VALUES (26, 'Create Entity Has Message', 'This type of Message states a creation of an entity has message row, so whenever a Message is newly associated with the Entity. This message is sent to the Economic Simulator Entity, as it is a representation of a logging entity.');
INSERT INTO `Economic_Simulator_Database`.`tbl_message_type` (`message_type_id`, `message_type`, `message_type_description`) VALUES (27, 'Create Entity Has Rule', 'This type of Message states a creation of an entity has rule row, so whenever an Rule is newly associated with the Entity. This message is sent to the Economic Simulator Entity, as it is a representation of a logging entity.');
INSERT INTO `Economic_Simulator_Database`.`tbl_message_type` (`message_type_id`, `message_type`, `message_type_description`) VALUES (28, 'Create Entity Type Has Rule', 'This type of Message states a creation of an entity type has item row, so whenever an Item is newly associated with the Entity Type. This message is sent to the Economic Simulator Entity, as it is a representation of a logging entity.');
INSERT INTO `Economic_Simulator_Database`.`tbl_message_type` (`message_type_id`, `message_type`, `message_type_description`) VALUES (29, 'Create Item', 'This type of Message states a creation of an item. This message is sent to the Economic Simulator Entity, as it is a representation of a logging entity.');
INSERT INTO `Economic_Simulator_Database`.`tbl_message_type` (`message_type_id`, `message_type`, `message_type_description`) VALUES (30, 'Create Item Has Rule', 'This type of Message states a creation of an item has rule row, so whenever a Rule is newly associated with the Item. This message is sent to the Economic Simulator Entity, as it is a representation of a logging entity.');
INSERT INTO `Economic_Simulator_Database`.`tbl_message_type` (`message_type_id`, `message_type`, `message_type_description`) VALUES (31, 'Create Item Type Has Rule', 'This type of Message states a creation of an item type has rule row, so whenever a Rule is newly associated with the Item Type. This message is sent to the Economic Simulator Entity, as it is a representation of a logging entity.');
INSERT INTO `Economic_Simulator_Database`.`tbl_message_type` (`message_type_id`, `message_type`, `message_type_description`) VALUES (32, 'Create Modifier', 'This type of Message states a creation of an modifier. This message is sent to the Economic Simulator Entity, as it is a representation of a logging entity.');
INSERT INTO `Economic_Simulator_Database`.`tbl_message_type` (`message_type_id`, `message_type`, `message_type_description`) VALUES (33, 'Create Modifier Has Rule', 'This type of Message states a creation of an modifier has rule row, so whenever a Rule is newly associated with the Modifier. This message is sent to the Economic Simulator Entity, as it is a representation of a logging entity.');
INSERT INTO `Economic_Simulator_Database`.`tbl_message_type` (`message_type_id`, `message_type`, `message_type_description`) VALUES (34, 'Create Modifier Type Has Rule', 'This type of Message states a creation of an modifier type has rule row, so whenever a Rule is newly associated with the Modifier Type. This message is sent to the Economic Simulator Entity, as it is a representation of a logging entity.');
INSERT INTO `Economic_Simulator_Database`.`tbl_message_type` (`message_type_id`, `message_type`, `message_type_description`) VALUES (35, 'Create Message', 'This type of Message states a creation of a message. This message is sent to the Economic Simulator Entity, as it is a representation of a logging entity.');
INSERT INTO `Economic_Simulator_Database`.`tbl_message_type` (`message_type_id`, `message_type`, `message_type_description`) VALUES (36, 'Create Market', 'This type of Message states a creation of a market row. This message is sent to the Economic Simulator Entity, as it is a representation of a logging entity.');
INSERT INTO `Economic_Simulator_Database`.`tbl_message_type` (`message_type_id`, `message_type`, `message_type_description`) VALUES (37, 'Create Rule', 'This type of Message states a creation of a rule. This message is sent to the Economic Simulator Entity, as it is a representation of a logging entity.');
INSERT INTO `Economic_Simulator_Database`.`tbl_message_type` (`message_type_id`, `message_type`, `message_type_description`) VALUES (38, 'Create User', 'This type of Message states a creation of a user. This message is sent to the Economic Simulator Entity, as it is a representation of a logging entity.');
INSERT INTO `Economic_Simulator_Database`.`tbl_message_type` (`message_type_id`, `message_type`, `message_type_description`) VALUES (39, 'Create User Has Entity', 'This type of Message states a creation of a user has entity row, so whenever a Entity is newly associated with the User. This message is sent to the Economic Simulator Entity, as it is a representation of a logging entity.');
INSERT INTO `Economic_Simulator_Database`.`tbl_message_type` (`message_type_id`, `message_type`, `message_type_description`) VALUES (40, 'Update Economy', 'This type of Message states a update for an economy. This message is sent to the Economic Simulator Entity, as it is a representation of a logging entity.');
INSERT INTO `Economic_Simulator_Database`.`tbl_message_type` (`message_type_id`, `message_type`, `message_type_description`) VALUES (41, 'Update Economy Has Entity', 'This type of Message states a update for an economy has entity row, so whenever an Entity is newly associated with the Economy. This message is sent to the Economic Simulator Entity, as it is a representation of a logging entity.');
INSERT INTO `Economic_Simulator_Database`.`tbl_message_type` (`message_type_id`, `message_type`, `message_type_description`) VALUES (42, 'Update Economy Has Rule', 'This type of Message states a update for an economy has rule row, so whenever a Rule is newly associated with the Economy. This message is sent to the Economic Simulator Entity, as it is a representation of a logging entity.');
INSERT INTO `Economic_Simulator_Database`.`tbl_message_type` (`message_type_id`, `message_type`, `message_type_description`) VALUES (43, 'Update Economy Relation', 'This type of Message states a update for an economy relation. This message is sent to the Economic Simulator Entity, as it is a representation of a logging entity.');
INSERT INTO `Economic_Simulator_Database`.`tbl_message_type` (`message_type_id`, `message_type`, `message_type_description`) VALUES (44, 'Update Economy Relation Has Rule', 'This type of Message states a update for an economy relation has rule row, so whenever a Rule is newly associated with the Economy Relation. This message is sent to the Economic Simulator Entity, as it is a representation of a logging entity.');
INSERT INTO `Economic_Simulator_Database`.`tbl_message_type` (`message_type_id`, `message_type`, `message_type_description`) VALUES (45, 'Update Entity', 'This type of Message states a update for an entity. This message is sent to the Economic Simulator Entity, as it is a representation of a logging entity.');
INSERT INTO `Economic_Simulator_Database`.`tbl_message_type` (`message_type_id`, `message_type`, `message_type_description`) VALUES (46, 'Update Entity Has Item', 'This type of Message states a update for an entity has item row, so whenever an Item is newly associated with the Entity. This message is sent to the Economic Simulator Entity, as it is a representation of a logging entity.');
INSERT INTO `Economic_Simulator_Database`.`tbl_message_type` (`message_type_id`, `message_type`, `message_type_description`) VALUES (47, 'Update Entity Has Modifier', 'This type of Message states a update for an entity has modifier row, so whenever a Modifier is newly associated with the Entity. This message is sent to the Economic Simulator Entity, as it is a representation of a logging entity.');
INSERT INTO `Economic_Simulator_Database`.`tbl_message_type` (`message_type_id`, `message_type`, `message_type_description`) VALUES (48, 'Update Entity Has Message', 'This type of Message states a update for an entity has message row, so whenever a Message is newly associated with the Entity. This message is sent to the Economic Simulator Entity, as it is a representation of a logging entity.');
INSERT INTO `Economic_Simulator_Database`.`tbl_message_type` (`message_type_id`, `message_type`, `message_type_description`) VALUES (49, 'Update Entity Has Rule', 'This type of Message states a update for an entity has rule row, so whenever a Rule is newly associated with the Entity. This message is sent to the Economic Simulator Entity, as it is a representation of a logging entity.');
INSERT INTO `Economic_Simulator_Database`.`tbl_message_type` (`message_type_id`, `message_type`, `message_type_description`) VALUES (50, 'Update Item', 'This type of Message states an update for an item. This message is sent to the Economic Simulator Entity, as it is a representation of a logging entity.');
INSERT INTO `Economic_Simulator_Database`.`tbl_message_type` (`message_type_id`, `message_type`, `message_type_description`) VALUES (51, 'Update Item Has Rule', 'This type of Message states a update for an item has rule row, so whenever a Rule is newly associated with the Item. This message is sent to the Economic Simulator Entity, as it is a representation of a logging entity.');
INSERT INTO `Economic_Simulator_Database`.`tbl_message_type` (`message_type_id`, `message_type`, `message_type_description`) VALUES (52, 'Update Item Type Has Rule', 'This type of Message states a update for an item type has rule row, so whenever a Rule is associated with the Item Type. This message is sent to the Economic Simulator Entity, as it is a representation of a logging entity.');
INSERT INTO `Economic_Simulator_Database`.`tbl_message_type` (`message_type_id`, `message_type`, `message_type_description`) VALUES (53, 'Update Modifier', 'This type of Message states an update for a modifier. This message is sent to the Economic Simulator Entity, as it is a representation of a logging entity.');
INSERT INTO `Economic_Simulator_Database`.`tbl_message_type` (`message_type_id`, `message_type`, `message_type_description`) VALUES (54, 'Update Modifier Has Rule', 'This type of Message states a update for an modifier has rule row, so whenever a Rule is newly associated with the Modifier. This message is sent to the Economic Simulator Entity, as it is a representation of a logging entity.');
INSERT INTO `Economic_Simulator_Database`.`tbl_message_type` (`message_type_id`, `message_type`, `message_type_description`) VALUES (55, 'Update Modifier Type Has Rule', 'This type of Message states a update for an modifier type has rule row, so whenever a Rule is associated with the Modifier Type. This message is sent to the Economic Simulator Entity, as it is a representation of a logging entity.');
INSERT INTO `Economic_Simulator_Database`.`tbl_message_type` (`message_type_id`, `message_type`, `message_type_description`) VALUES (56, 'Update Message', 'This type of Message states an update for a message. This message is sent to the Economic Simulator Entity, as it is a representation of a logging entity.');
INSERT INTO `Economic_Simulator_Database`.`tbl_message_type` (`message_type_id`, `message_type`, `message_type_description`) VALUES (57, 'Update Market', 'This type of Message states an update for a market row. This message is sent to the Economic Simulator Entity, as it is a representation of a logging entity.');
INSERT INTO `Economic_Simulator_Database`.`tbl_message_type` (`message_type_id`, `message_type`, `message_type_description`) VALUES (58, 'Update Rule', 'This type of Message states an update for a rule. This message is sent to the Economic Simulator Entity, as it is a representation of a logging entity.');
INSERT INTO `Economic_Simulator_Database`.`tbl_message_type` (`message_type_id`, `message_type`, `message_type_description`) VALUES (59, 'Update User', 'This type of Message states an update for a user. This message is sent to the Economic Simulator Entity, as it is a representation of a logging entity.');
INSERT INTO `Economic_Simulator_Database`.`tbl_message_type` (`message_type_id`, `message_type`, `message_type_description`) VALUES (60, 'Update User Has Entity', 'This type of Message states a update for a user has entity row, so whenever a Entity is associated with the User. This message is sent to the Economic Simulator Entity, as it is a representation of a logging entity.');
INSERT INTO `Economic_Simulator_Database`.`tbl_message_type` (`message_type_id`, `message_type`, `message_type_description`) VALUES (61, 'Remove Economy', 'This type of Message states a removal of an economy. This message is sent to the Economic Simulator Entity, as it is a representation of a logging entity.');
INSERT INTO `Economic_Simulator_Database`.`tbl_message_type` (`message_type_id`, `message_type`, `message_type_description`) VALUES (62, 'Remove Economy Has Entity', 'This type of Message states a removal of an economy has entity row, so whenever an Entity is associated with the Economy. This message is sent to the Economic Simulator Entity, as it is a representation of a logging entity.');
INSERT INTO `Economic_Simulator_Database`.`tbl_message_type` (`message_type_id`, `message_type`, `message_type_description`) VALUES (63, 'Remove Economy Has Rule', 'This type of Message states a removal of an economy has rule row, so whenever a Rule is associated with the Economy. This message is sent to the Economic Simulator Entity, as it is a representation of a logging entity.');
INSERT INTO `Economic_Simulator_Database`.`tbl_message_type` (`message_type_id`, `message_type`, `message_type_description`) VALUES (64, 'Remove Economy Relation', 'This type of Message states a removal of an economy relation. This message is sent to the Economic Simulator Entity, as it is a representation of a logging entity.');
INSERT INTO `Economic_Simulator_Database`.`tbl_message_type` (`message_type_id`, `message_type`, `message_type_description`) VALUES (65, 'Remove Economy Relation Has Rule', 'This type of Message states a removal of an economy relation has rule row, so whenever a Rule is associated with the Economy Relation. This message is sent to the Economic Simulator Entity, as it is a representation of a logging entity.');
INSERT INTO `Economic_Simulator_Database`.`tbl_message_type` (`message_type_id`, `message_type`, `message_type_description`) VALUES (66, 'Remove Entity', 'This type of Message states a removal of an entity. This message is sent to the Economic Simulator Entity, as it is a representation of a logging entity.');
INSERT INTO `Economic_Simulator_Database`.`tbl_message_type` (`message_type_id`, `message_type`, `message_type_description`) VALUES (67, 'Remove Entity Has Item', 'This type of Message states a removal of an entity has item row, so whenever an Item is associated with the Entity. This message is sent to the Economic Simulator Entity, as it is a representation of a logging entity.');
INSERT INTO `Economic_Simulator_Database`.`tbl_message_type` (`message_type_id`, `message_type`, `message_type_description`) VALUES (68, 'Remove Entity Has Modifier', 'This type of Message states a removal of an entity has modifier row, so whenever a Modifier is associated with the Entity. This message is sent to the Economic Simulator Entity, as it is a representation of a logging entity.');
INSERT INTO `Economic_Simulator_Database`.`tbl_message_type` (`message_type_id`, `message_type`, `message_type_description`) VALUES (69, 'Remove Entity Has Message', 'This type of Message states a removal of an entity has message row, so whenever a Message is associated with the Entity. This message is sent to the Economic Simulator Entity, as it is a representation of a logging entity.');
INSERT INTO `Economic_Simulator_Database`.`tbl_message_type` (`message_type_id`, `message_type`, `message_type_description`) VALUES (70, 'Remove Entity Has Rule', 'This type of Message states a removal of an entity has rule row, so whenever an Rule is associated with the Entity. This message is sent to the Economic Simulator Entity, as it is a representation of a logging entity.');
INSERT INTO `Economic_Simulator_Database`.`tbl_message_type` (`message_type_id`, `message_type`, `message_type_description`) VALUES (71, 'Remove Entity Type Has Rule', 'This type of Message states a removal of an entity type has item row, so whenever an Item is associated with the Entity Type. This message is sent to the Economic Simulator Entity, as it is a representation of a logging entity.');
INSERT INTO `Economic_Simulator_Database`.`tbl_message_type` (`message_type_id`, `message_type`, `message_type_description`) VALUES (72, 'Remove Item', 'This type of Message states a removal of an item. This message is sent to the Economic Simulator Entity, as it is a representation of a logging entity.');
INSERT INTO `Economic_Simulator_Database`.`tbl_message_type` (`message_type_id`, `message_type`, `message_type_description`) VALUES (73, 'Remove Item Has Rule', 'This type of Message states a removal of an item has rule row, so whenever a Rule is associated with the Item. This message is sent to the Economic Simulator Entity, as it is a representation of a logging entity.');
INSERT INTO `Economic_Simulator_Database`.`tbl_message_type` (`message_type_id`, `message_type`, `message_type_description`) VALUES (74, 'Remove Item Type Has Rule', 'This type of Message states a removal of an item type has rule row, so whenever a Rule is associated with the Item Type. This message is sent to the Economic Simulator Entity, as it is a representation of a logging entity.');
INSERT INTO `Economic_Simulator_Database`.`tbl_message_type` (`message_type_id`, `message_type`, `message_type_description`) VALUES (75, 'Remove Modifier', 'This type of Message states a removal of a modifier. This message is sent to the Economic Simulator Entity, as it is a representation of a logging entity.');
INSERT INTO `Economic_Simulator_Database`.`tbl_message_type` (`message_type_id`, `message_type`, `message_type_description`) VALUES (76, 'Remove Modifier Has Rule', 'This type of Message states a removal of a modifier has rule row, so whenever a Rule is associated with the Modifier. This message is sent to the Economic Simulator Entity, as it is a representation of a logging entity.');
INSERT INTO `Economic_Simulator_Database`.`tbl_message_type` (`message_type_id`, `message_type`, `message_type_description`) VALUES (77, 'Remove Modifier Type Has Rule', 'This type of Message states a removal of an modifier type has rule row, so whenever a Rule is associated with the Modifier Type. This message is sent to the Economic Simulator Entity, as it is a representation of a logging entity.');
INSERT INTO `Economic_Simulator_Database`.`tbl_message_type` (`message_type_id`, `message_type`, `message_type_description`) VALUES (78, 'Remove Message', 'This type of Message states a removal of a message. This message is sent to the Economic Simulator Entity, as it is a representation of a logging entity.');
INSERT INTO `Economic_Simulator_Database`.`tbl_message_type` (`message_type_id`, `message_type`, `message_type_description`) VALUES (80, 'Remove Rule', 'This type of Message states a removal of a rule. This message is sent to the Economic Simulator Entity, as it is a representation of a logging entity.');
INSERT INTO `Economic_Simulator_Database`.`tbl_message_type` (`message_type_id`, `message_type`, `message_type_description`) VALUES (81, 'Remove User', 'This type of Message states a removal of a user. This message is sent to the Economic Simulator Entity, as it is a representation of a logging entity.');
INSERT INTO `Economic_Simulator_Database`.`tbl_message_type` (`message_type_id`, `message_type`, `message_type_description`) VALUES (82, 'Remove User Has Entity', 'This type of Message states a removal of a user has entity row, so whenever a Entity is associated with the User. This message is sent to the Economic Simulator Entity, as it is a representation of a logging entity. ');
INSERT INTO `Economic_Simulator_Database`.`tbl_message_type` (`message_type_id`, `message_type`, `message_type_description`) VALUES (79, 'Remove Market', 'This type of Message states a removal of a market row. This message is sent to the Economic Simulator Entity, as it is a representation of a logging entity.');
INSERT INTO `Economic_Simulator_Database`.`tbl_message_type` (`message_type_id`, `message_type`, `message_type_description`) VALUES (83, 'Update Entity Type Has Rule', 'This type of Message states a update for an entity type has rule row, so whenever a Rule is newly associated with the Entity Type. This message is sent to the Economic Simulator Entity, as it is a representation of a logging entity.');
INSERT INTO `Economic_Simulator_Database`.`tbl_message_type` (`message_type_id`, `message_type`, `message_type_description`) VALUES (84, 'Chat Reply', 'This type of Message is a response to the transfer of speech from one entity to another. It’s like a simple chat service. It holds the response to that message and the Message id associated with that response.');
INSERT INTO `Economic_Simulator_Database`.`tbl_message_type` (`message_type_id`, `message_type`, `message_type_description`) VALUES (85, 'Decline Work', 'This type of Message is a statement for a job offer when a job cannot be done by the workers side. This is usually restrained by the amount of times a worker can work a day or if the worker has eaten already.');
INSERT INTO `Economic_Simulator_Database`.`tbl_message_type` (`message_type_id`, `message_type`, `message_type_description`) VALUES (86, 'Entered Economy', 'This type of Message is a statement for if the user has logged in and selected an economy. This message is sent from the entity (the worker) to the public messenger of that economy.');
INSERT INTO `Economic_Simulator_Database`.`tbl_message_type` (`message_type_id`, `message_type`, `message_type_description`) VALUES (87, 'Entered Labor Market', 'This type of Message is a statement for if the user has gone and selected the labor market tab. This message is sent from the entity (the worker) to the public messenger of that economy.');
INSERT INTO `Economic_Simulator_Database`.`tbl_message_type` (`message_type_id`, `message_type`, `message_type_description`) VALUES (88, 'Rent Offer', 'This type of Message is a statement that the entity has ownership for an item and would like to rent it out to a company so that the company may use it to produce items.');
INSERT INTO `Economic_Simulator_Database`.`tbl_message_type` (`message_type_id`, `message_type`, `message_type_description`) VALUES (89, 'Accept Rent Offer', 'This type of Message is a statement that the entity has accepted and formuated the rent to define the amount of time that he would like to rent it.');
INSERT INTO `Economic_Simulator_Database`.`tbl_message_type` (`message_type_id`, `message_type`, `message_type_description`) VALUES (90, 'Revise Rent Offer', 'This type of Message is a statement that the entity would like to revise the previous offer that was sent to him/her.');
INSERT INTO `Economic_Simulator_Database`.`tbl_message_type` (`message_type_id`, `message_type`, `message_type_description`) VALUES (91, 'Reject Rent Offer', 'This type of Message is a rejection of a previous rent offer whether it be a revisal or just recently received offer.');
INSERT INTO `Economic_Simulator_Database`.`tbl_message_type` (`message_type_id`, `message_type`, `message_type_description`) VALUES (92, 'Product Demand Survey', 'This type of Message is there to state what the product demand is for that specific item');
INSERT INTO `Economic_Simulator_Database`.`tbl_message_type` (`message_type_id`, `message_type`, `message_type_description`) VALUES (93, 'Paid Rent', 'This type of Message states that a person has paid his rent for the specific item that he is renting. This exists to declare that when a entity logs in multiple times in a day it will not pay for rent multiple times.');
INSERT INTO `Economic_Simulator_Database`.`tbl_message_type` (`message_type_id`, `message_type`, `message_type_description`) VALUES (94, 'Paid Property Tax', 'This type of Message states that the property tax has been paid on the item in question (usually the item is that of land).');
INSERT INTO `Economic_Simulator_Database`.`tbl_message_type` (`message_type_id`, `message_type`, `message_type_description`) VALUES (95, 'Paid Wealth Tax', 'This type of Message states that the entity has already paid its wealth tax for the day and as such does not need to be taxed again.');
INSERT INTO `Economic_Simulator_Database`.`tbl_message_type` (`message_type_id`, `message_type`, `message_type_description`) VALUES (96, 'Start Nomination', 'This type of Message states the start of a nomination and as such allows candidate ballots to be added.');
INSERT INTO `Economic_Simulator_Database`.`tbl_message_type` (`message_type_id`, `message_type`, `message_type_description`) VALUES (97, 'Start Election', 'This type of Message states the the elections are open and the workers can start voting for their favorite candidate.');
INSERT INTO `Economic_Simulator_Database`.`tbl_message_type` (`message_type_id`, `message_type`, `message_type_description`) VALUES (98, 'Candidate Ballot', 'This type of Message states the candidate to be added to the ballot.');
INSERT INTO `Economic_Simulator_Database`.`tbl_message_type` (`message_type_id`, `message_type`, `message_type_description`) VALUES (99, 'Vote For Candidate', 'This type of Message states the candidate that the workers want to be elected on to congress.');
INSERT INTO `Economic_Simulator_Database`.`tbl_message_type` (`message_type_id`, `message_type`, `message_type_description`) VALUES (100, 'Daily GDP', 'This type of Message is there to state what the daily gdp is for each day.');
INSERT INTO `Economic_Simulator_Database`.`tbl_message_type` (`message_type_id`, `message_type`, `message_type_description`) VALUES (101, 'End Election', 'This type of Message is there to state that the election has ended, and all of the necessary components need to be calculated.');
INSERT INTO `Economic_Simulator_Database`.`tbl_message_type` (`message_type_id`, `message_type`, `message_type_description`) VALUES (102, 'Petition For Public Good', 'This type of Message states a petition to request giving a worker a public good company. These petitions need a specific amount of votes from anyone whom the message was sent to, and the amount is defined by the economy rule.');

COMMIT;


-- -----------------------------------------------------
-- Data for table `Economic_Simulator_Database`.`tbl_login`
-- -----------------------------------------------------
START TRANSACTION;
USE `Economic_Simulator_Database`;
INSERT INTO `Economic_Simulator_Database`.`tbl_login` (`user_id`, `password`) VALUES (1, 'sha256:1000:QFf/EHh/59USN3Coy5hLNTa4H/D+i//D:x4Wttg4A2zArG943xXurx3HYE7dhQsvY');
INSERT INTO `Economic_Simulator_Database`.`tbl_login` (`user_id`, `password`) VALUES (2, 'sha256:1000:rSqKGasYDeHpTcxNHTZDOfTGtpIGz/DF:5P3jAzHEFuki5JhC1xIHWSr6WMy/hcZu');

COMMIT;


-- -----------------------------------------------------
-- Data for table `Economic_Simulator_Database`.`tbl_economy_has_entity`
-- -----------------------------------------------------
START TRANSACTION;
USE `Economic_Simulator_Database`;
INSERT INTO `Economic_Simulator_Database`.`tbl_economy_has_entity` (`economy_has_entity_id`, `economy_id`, `entity_id`) VALUES (1, 1, 2);

COMMIT;


-- -----------------------------------------------------
-- Data for table `Economic_Simulator_Database`.`tbl_entity_type_has_default_rule`
-- -----------------------------------------------------
START TRANSACTION;
USE `Economic_Simulator_Database`;
INSERT INTO `Economic_Simulator_Database`.`tbl_entity_type_has_default_rule` (`entity_type_has_default_rule_id`, `entity_type_id`, `rule_id`, `economy_id`) VALUES (136, 1, 136, 1);
INSERT INTO `Economic_Simulator_Database`.`tbl_entity_type_has_default_rule` (`entity_type_has_default_rule_id`, `entity_type_id`, `rule_id`, `economy_id`) VALUES (139, 2, 196, 1);

COMMIT;


-- -----------------------------------------------------
-- Data for table `Economic_Simulator_Database`.`tbl_economy_has_default_rule`
-- -----------------------------------------------------
START TRANSACTION;
USE `Economic_Simulator_Database`;
INSERT INTO `Economic_Simulator_Database`.`tbl_economy_has_default_rule` (`economy_has_default_rule_id`, `economy_id`, `rule_id`) VALUES (1, 1, 1);
INSERT INTO `Economic_Simulator_Database`.`tbl_economy_has_default_rule` (`economy_has_default_rule_id`, `economy_id`, `rule_id`) VALUES (2, 1, 2);
INSERT INTO `Economic_Simulator_Database`.`tbl_economy_has_default_rule` (`economy_has_default_rule_id`, `economy_id`, `rule_id`) VALUES (3, 1, 3);
INSERT INTO `Economic_Simulator_Database`.`tbl_economy_has_default_rule` (`economy_has_default_rule_id`, `economy_id`, `rule_id`) VALUES (4, 1, 4);
INSERT INTO `Economic_Simulator_Database`.`tbl_economy_has_default_rule` (`economy_has_default_rule_id`, `economy_id`, `rule_id`) VALUES (5, 1, 5);
INSERT INTO `Economic_Simulator_Database`.`tbl_economy_has_default_rule` (`economy_has_default_rule_id`, `economy_id`, `rule_id`) VALUES (6, 1, 6);
INSERT INTO `Economic_Simulator_Database`.`tbl_economy_has_default_rule` (`economy_has_default_rule_id`, `economy_id`, `rule_id`) VALUES (7, 1, 7);
INSERT INTO `Economic_Simulator_Database`.`tbl_economy_has_default_rule` (`economy_has_default_rule_id`, `economy_id`, `rule_id`) VALUES (8, 1, 8);
INSERT INTO `Economic_Simulator_Database`.`tbl_economy_has_default_rule` (`economy_has_default_rule_id`, `economy_id`, `rule_id`) VALUES (9, 1, 9);
INSERT INTO `Economic_Simulator_Database`.`tbl_economy_has_default_rule` (`economy_has_default_rule_id`, `economy_id`, `rule_id`) VALUES (10, 1, 10);
INSERT INTO `Economic_Simulator_Database`.`tbl_economy_has_default_rule` (`economy_has_default_rule_id`, `economy_id`, `rule_id`) VALUES (197, 1, 197);
INSERT INTO `Economic_Simulator_Database`.`tbl_economy_has_default_rule` (`economy_has_default_rule_id`, `economy_id`, `rule_id`) VALUES (198, 1, 198);
INSERT INTO `Economic_Simulator_Database`.`tbl_economy_has_default_rule` (`economy_has_default_rule_id`, `economy_id`, `rule_id`) VALUES (199, 1, 199);
INSERT INTO `Economic_Simulator_Database`.`tbl_economy_has_default_rule` (`economy_has_default_rule_id`, `economy_id`, `rule_id`) VALUES (200, 1, 200);
INSERT INTO `Economic_Simulator_Database`.`tbl_economy_has_default_rule` (`economy_has_default_rule_id`, `economy_id`, `rule_id`) VALUES (230, 1, 230);
INSERT INTO `Economic_Simulator_Database`.`tbl_economy_has_default_rule` (`economy_has_default_rule_id`, `economy_id`, `rule_id`) VALUES (231, 1, 231);
INSERT INTO `Economic_Simulator_Database`.`tbl_economy_has_default_rule` (`economy_has_default_rule_id`, `economy_id`, `rule_id`) VALUES (232, 1, 232);
INSERT INTO `Economic_Simulator_Database`.`tbl_economy_has_default_rule` (`economy_has_default_rule_id`, `economy_id`, `rule_id`) VALUES (233, 1, 233);
INSERT INTO `Economic_Simulator_Database`.`tbl_economy_has_default_rule` (`economy_has_default_rule_id`, `economy_id`, `rule_id`) VALUES (234, 1, 234);
INSERT INTO `Economic_Simulator_Database`.`tbl_economy_has_default_rule` (`economy_has_default_rule_id`, `economy_id`, `rule_id`) VALUES (235, 1, 235);
INSERT INTO `Economic_Simulator_Database`.`tbl_economy_has_default_rule` (`economy_has_default_rule_id`, `economy_id`, `rule_id`) VALUES (236, 1, 236);
INSERT INTO `Economic_Simulator_Database`.`tbl_economy_has_default_rule` (`economy_has_default_rule_id`, `economy_id`, `rule_id`) VALUES (237, 1, 237);
INSERT INTO `Economic_Simulator_Database`.`tbl_economy_has_default_rule` (`economy_has_default_rule_id`, `economy_id`, `rule_id`) VALUES (239, 1, 239);
INSERT INTO `Economic_Simulator_Database`.`tbl_economy_has_default_rule` (`economy_has_default_rule_id`, `economy_id`, `rule_id`) VALUES (240, 1, 240);
INSERT INTO `Economic_Simulator_Database`.`tbl_economy_has_default_rule` (`economy_has_default_rule_id`, `economy_id`, `rule_id`) VALUES (242, 1, 242);
INSERT INTO `Economic_Simulator_Database`.`tbl_economy_has_default_rule` (`economy_has_default_rule_id`, `economy_id`, `rule_id`) VALUES (243, 1, 243);
INSERT INTO `Economic_Simulator_Database`.`tbl_economy_has_default_rule` (`economy_has_default_rule_id`, `economy_id`, `rule_id`) VALUES (244, 1, 244);
INSERT INTO `Economic_Simulator_Database`.`tbl_economy_has_default_rule` (`economy_has_default_rule_id`, `economy_id`, `rule_id`) VALUES (252, 1, 252);
INSERT INTO `Economic_Simulator_Database`.`tbl_economy_has_default_rule` (`economy_has_default_rule_id`, `economy_id`, `rule_id`) VALUES (254, 1, 254);
INSERT INTO `Economic_Simulator_Database`.`tbl_economy_has_default_rule` (`economy_has_default_rule_id`, `economy_id`, `rule_id`) VALUES (255, 1, 255);
INSERT INTO `Economic_Simulator_Database`.`tbl_economy_has_default_rule` (`economy_has_default_rule_id`, `economy_id`, `rule_id`) VALUES (262, 1, 262);
INSERT INTO `Economic_Simulator_Database`.`tbl_economy_has_default_rule` (`economy_has_default_rule_id`, `economy_id`, `rule_id`) VALUES (263, 1, 263);
INSERT INTO `Economic_Simulator_Database`.`tbl_economy_has_default_rule` (`economy_has_default_rule_id`, `economy_id`, `rule_id`) VALUES (11, 1, 11);
INSERT INTO `Economic_Simulator_Database`.`tbl_economy_has_default_rule` (`economy_has_default_rule_id`, `economy_id`, `rule_id`) VALUES (12, 1, 12);
INSERT INTO `Economic_Simulator_Database`.`tbl_economy_has_default_rule` (`economy_has_default_rule_id`, `economy_id`, `rule_id`) VALUES (264, 1, 264);
INSERT INTO `Economic_Simulator_Database`.`tbl_economy_has_default_rule` (`economy_has_default_rule_id`, `economy_id`, `rule_id`) VALUES (265, 1, 265);
INSERT INTO `Economic_Simulator_Database`.`tbl_economy_has_default_rule` (`economy_has_default_rule_id`, `economy_id`, `rule_id`) VALUES (266, 1, 266);
INSERT INTO `Economic_Simulator_Database`.`tbl_economy_has_default_rule` (`economy_has_default_rule_id`, `economy_id`, `rule_id`) VALUES (267, 1, 267);
INSERT INTO `Economic_Simulator_Database`.`tbl_economy_has_default_rule` (`economy_has_default_rule_id`, `economy_id`, `rule_id`) VALUES (268, 1, 268);
INSERT INTO `Economic_Simulator_Database`.`tbl_economy_has_default_rule` (`economy_has_default_rule_id`, `economy_id`, `rule_id`) VALUES (269, 1, 269);
INSERT INTO `Economic_Simulator_Database`.`tbl_economy_has_default_rule` (`economy_has_default_rule_id`, `economy_id`, `rule_id`) VALUES (270, 1, 270);
INSERT INTO `Economic_Simulator_Database`.`tbl_economy_has_default_rule` (`economy_has_default_rule_id`, `economy_id`, `rule_id`) VALUES (271, 1, 271);
INSERT INTO `Economic_Simulator_Database`.`tbl_economy_has_default_rule` (`economy_has_default_rule_id`, `economy_id`, `rule_id`) VALUES (186, 1, 186);

COMMIT;


-- -----------------------------------------------------
-- Data for table `Economic_Simulator_Database`.`tbl_economy_relation_has_default_rule`
-- -----------------------------------------------------
START TRANSACTION;
USE `Economic_Simulator_Database`;
INSERT INTO `Economic_Simulator_Database`.`tbl_economy_relation_has_default_rule` (`economy_relation_has_default_rule_id`, `economy_relation_id`, `rule_id`) VALUES (1, 1, 238);

COMMIT;


-- -----------------------------------------------------
-- Data for table `Economic_Simulator_Database`.`tbl_item_type_has_default_rule`
-- -----------------------------------------------------
START TRANSACTION;
USE `Economic_Simulator_Database`;
INSERT INTO `Economic_Simulator_Database`.`tbl_item_type_has_default_rule` (`item_type_has_default_rule_id`, `item_type_id`, `rule_id`, `economy_id`) VALUES (1, 1, 139, 1);
INSERT INTO `Economic_Simulator_Database`.`tbl_item_type_has_default_rule` (`item_type_has_default_rule_id`, `item_type_id`, `rule_id`, `economy_id`) VALUES (2, 1, 140, 1);
INSERT INTO `Economic_Simulator_Database`.`tbl_item_type_has_default_rule` (`item_type_has_default_rule_id`, `item_type_id`, `rule_id`, `economy_id`) VALUES (3, 1, 141, 1);
INSERT INTO `Economic_Simulator_Database`.`tbl_item_type_has_default_rule` (`item_type_has_default_rule_id`, `item_type_id`, `rule_id`, `economy_id`) VALUES (4, 1, 142, 1);
INSERT INTO `Economic_Simulator_Database`.`tbl_item_type_has_default_rule` (`item_type_has_default_rule_id`, `item_type_id`, `rule_id`, `economy_id`) VALUES (5, 1, 143, 1);
INSERT INTO `Economic_Simulator_Database`.`tbl_item_type_has_default_rule` (`item_type_has_default_rule_id`, `item_type_id`, `rule_id`, `economy_id`) VALUES (6, 1, 144, 1);
INSERT INTO `Economic_Simulator_Database`.`tbl_item_type_has_default_rule` (`item_type_has_default_rule_id`, `item_type_id`, `rule_id`, `economy_id`) VALUES (7, 1, 145, 1);
INSERT INTO `Economic_Simulator_Database`.`tbl_item_type_has_default_rule` (`item_type_has_default_rule_id`, `item_type_id`, `rule_id`, `economy_id`) VALUES (8, 1, 146, 1);
INSERT INTO `Economic_Simulator_Database`.`tbl_item_type_has_default_rule` (`item_type_has_default_rule_id`, `item_type_id`, `rule_id`, `economy_id`) VALUES (9, 1, 147, 1);
INSERT INTO `Economic_Simulator_Database`.`tbl_item_type_has_default_rule` (`item_type_has_default_rule_id`, `item_type_id`, `rule_id`, `economy_id`) VALUES (10, 2, 148, 1);
INSERT INTO `Economic_Simulator_Database`.`tbl_item_type_has_default_rule` (`item_type_has_default_rule_id`, `item_type_id`, `rule_id`, `economy_id`) VALUES (11, 2, 149, 1);
INSERT INTO `Economic_Simulator_Database`.`tbl_item_type_has_default_rule` (`item_type_has_default_rule_id`, `item_type_id`, `rule_id`, `economy_id`) VALUES (12, 2, 150, 1);
INSERT INTO `Economic_Simulator_Database`.`tbl_item_type_has_default_rule` (`item_type_has_default_rule_id`, `item_type_id`, `rule_id`, `economy_id`) VALUES (13, 2, 151, 1);
INSERT INTO `Economic_Simulator_Database`.`tbl_item_type_has_default_rule` (`item_type_has_default_rule_id`, `item_type_id`, `rule_id`, `economy_id`) VALUES (14, 2, 152, 1);
INSERT INTO `Economic_Simulator_Database`.`tbl_item_type_has_default_rule` (`item_type_has_default_rule_id`, `item_type_id`, `rule_id`, `economy_id`) VALUES (15, 2, 153, 1);
INSERT INTO `Economic_Simulator_Database`.`tbl_item_type_has_default_rule` (`item_type_has_default_rule_id`, `item_type_id`, `rule_id`, `economy_id`) VALUES (16, 2, 154, 1);
INSERT INTO `Economic_Simulator_Database`.`tbl_item_type_has_default_rule` (`item_type_has_default_rule_id`, `item_type_id`, `rule_id`, `economy_id`) VALUES (17, 2, 155, 1);
INSERT INTO `Economic_Simulator_Database`.`tbl_item_type_has_default_rule` (`item_type_has_default_rule_id`, `item_type_id`, `rule_id`, `economy_id`) VALUES (18, 2, 156, 1);
INSERT INTO `Economic_Simulator_Database`.`tbl_item_type_has_default_rule` (`item_type_has_default_rule_id`, `item_type_id`, `rule_id`, `economy_id`) VALUES (19, 3, 157, 1);
INSERT INTO `Economic_Simulator_Database`.`tbl_item_type_has_default_rule` (`item_type_has_default_rule_id`, `item_type_id`, `rule_id`, `economy_id`) VALUES (20, 3, 158, 1);
INSERT INTO `Economic_Simulator_Database`.`tbl_item_type_has_default_rule` (`item_type_has_default_rule_id`, `item_type_id`, `rule_id`, `economy_id`) VALUES (21, 3, 159, 1);
INSERT INTO `Economic_Simulator_Database`.`tbl_item_type_has_default_rule` (`item_type_has_default_rule_id`, `item_type_id`, `rule_id`, `economy_id`) VALUES (22, 3, 160, 1);
INSERT INTO `Economic_Simulator_Database`.`tbl_item_type_has_default_rule` (`item_type_has_default_rule_id`, `item_type_id`, `rule_id`, `economy_id`) VALUES (23, 3, 161, 1);
INSERT INTO `Economic_Simulator_Database`.`tbl_item_type_has_default_rule` (`item_type_has_default_rule_id`, `item_type_id`, `rule_id`, `economy_id`) VALUES (24, 3, 162, 1);
INSERT INTO `Economic_Simulator_Database`.`tbl_item_type_has_default_rule` (`item_type_has_default_rule_id`, `item_type_id`, `rule_id`, `economy_id`) VALUES (25, 3, 163, 1);
INSERT INTO `Economic_Simulator_Database`.`tbl_item_type_has_default_rule` (`item_type_has_default_rule_id`, `item_type_id`, `rule_id`, `economy_id`) VALUES (26, 3, 164, 1);
INSERT INTO `Economic_Simulator_Database`.`tbl_item_type_has_default_rule` (`item_type_has_default_rule_id`, `item_type_id`, `rule_id`, `economy_id`) VALUES (27, 3, 165, 1);
INSERT INTO `Economic_Simulator_Database`.`tbl_item_type_has_default_rule` (`item_type_has_default_rule_id`, `item_type_id`, `rule_id`, `economy_id`) VALUES (28, 1, 201, 1);
INSERT INTO `Economic_Simulator_Database`.`tbl_item_type_has_default_rule` (`item_type_has_default_rule_id`, `item_type_id`, `rule_id`, `economy_id`) VALUES (29, 2, 202, 1);
INSERT INTO `Economic_Simulator_Database`.`tbl_item_type_has_default_rule` (`item_type_has_default_rule_id`, `item_type_id`, `rule_id`, `economy_id`) VALUES (30, 4, 203, 1);
INSERT INTO `Economic_Simulator_Database`.`tbl_item_type_has_default_rule` (`item_type_has_default_rule_id`, `item_type_id`, `rule_id`, `economy_id`) VALUES (31, 4, 204, 1);
INSERT INTO `Economic_Simulator_Database`.`tbl_item_type_has_default_rule` (`item_type_has_default_rule_id`, `item_type_id`, `rule_id`, `economy_id`) VALUES (32, 4, 205, 1);
INSERT INTO `Economic_Simulator_Database`.`tbl_item_type_has_default_rule` (`item_type_has_default_rule_id`, `item_type_id`, `rule_id`, `economy_id`) VALUES (33, 4, 206, 1);
INSERT INTO `Economic_Simulator_Database`.`tbl_item_type_has_default_rule` (`item_type_has_default_rule_id`, `item_type_id`, `rule_id`, `economy_id`) VALUES (34, 4, 207, 1);
INSERT INTO `Economic_Simulator_Database`.`tbl_item_type_has_default_rule` (`item_type_has_default_rule_id`, `item_type_id`, `rule_id`, `economy_id`) VALUES (35, 4, 208, 1);
INSERT INTO `Economic_Simulator_Database`.`tbl_item_type_has_default_rule` (`item_type_has_default_rule_id`, `item_type_id`, `rule_id`, `economy_id`) VALUES (36, 4, 209, 1);
INSERT INTO `Economic_Simulator_Database`.`tbl_item_type_has_default_rule` (`item_type_has_default_rule_id`, `item_type_id`, `rule_id`, `economy_id`) VALUES (37, 4, 210, 1);
INSERT INTO `Economic_Simulator_Database`.`tbl_item_type_has_default_rule` (`item_type_has_default_rule_id`, `item_type_id`, `rule_id`, `economy_id`) VALUES (38, 4, 211, 1);
INSERT INTO `Economic_Simulator_Database`.`tbl_item_type_has_default_rule` (`item_type_has_default_rule_id`, `item_type_id`, `rule_id`, `economy_id`) VALUES (39, 5, 212, 1);
INSERT INTO `Economic_Simulator_Database`.`tbl_item_type_has_default_rule` (`item_type_has_default_rule_id`, `item_type_id`, `rule_id`, `economy_id`) VALUES (40, 5, 213, 1);
INSERT INTO `Economic_Simulator_Database`.`tbl_item_type_has_default_rule` (`item_type_has_default_rule_id`, `item_type_id`, `rule_id`, `economy_id`) VALUES (41, 5, 214, 1);
INSERT INTO `Economic_Simulator_Database`.`tbl_item_type_has_default_rule` (`item_type_has_default_rule_id`, `item_type_id`, `rule_id`, `economy_id`) VALUES (42, 5, 215, 1);
INSERT INTO `Economic_Simulator_Database`.`tbl_item_type_has_default_rule` (`item_type_has_default_rule_id`, `item_type_id`, `rule_id`, `economy_id`) VALUES (43, 5, 216, 1);
INSERT INTO `Economic_Simulator_Database`.`tbl_item_type_has_default_rule` (`item_type_has_default_rule_id`, `item_type_id`, `rule_id`, `economy_id`) VALUES (44, 5, 217, 1);
INSERT INTO `Economic_Simulator_Database`.`tbl_item_type_has_default_rule` (`item_type_has_default_rule_id`, `item_type_id`, `rule_id`, `economy_id`) VALUES (45, 5, 218, 1);
INSERT INTO `Economic_Simulator_Database`.`tbl_item_type_has_default_rule` (`item_type_has_default_rule_id`, `item_type_id`, `rule_id`, `economy_id`) VALUES (46, 5, 219, 1);
INSERT INTO `Economic_Simulator_Database`.`tbl_item_type_has_default_rule` (`item_type_has_default_rule_id`, `item_type_id`, `rule_id`, `economy_id`) VALUES (47, 5, 220, 1);
INSERT INTO `Economic_Simulator_Database`.`tbl_item_type_has_default_rule` (`item_type_has_default_rule_id`, `item_type_id`, `rule_id`, `economy_id`) VALUES (48, 6, 221, 1);
INSERT INTO `Economic_Simulator_Database`.`tbl_item_type_has_default_rule` (`item_type_has_default_rule_id`, `item_type_id`, `rule_id`, `economy_id`) VALUES (49, 6, 222, 1);
INSERT INTO `Economic_Simulator_Database`.`tbl_item_type_has_default_rule` (`item_type_has_default_rule_id`, `item_type_id`, `rule_id`, `economy_id`) VALUES (50, 6, 223, 1);
INSERT INTO `Economic_Simulator_Database`.`tbl_item_type_has_default_rule` (`item_type_has_default_rule_id`, `item_type_id`, `rule_id`, `economy_id`) VALUES (51, 6, 224, 1);
INSERT INTO `Economic_Simulator_Database`.`tbl_item_type_has_default_rule` (`item_type_has_default_rule_id`, `item_type_id`, `rule_id`, `economy_id`) VALUES (52, 6, 225, 1);
INSERT INTO `Economic_Simulator_Database`.`tbl_item_type_has_default_rule` (`item_type_has_default_rule_id`, `item_type_id`, `rule_id`, `economy_id`) VALUES (53, 6, 226, 1);
INSERT INTO `Economic_Simulator_Database`.`tbl_item_type_has_default_rule` (`item_type_has_default_rule_id`, `item_type_id`, `rule_id`, `economy_id`) VALUES (54, 6, 227, 1);
INSERT INTO `Economic_Simulator_Database`.`tbl_item_type_has_default_rule` (`item_type_has_default_rule_id`, `item_type_id`, `rule_id`, `economy_id`) VALUES (55, 6, 228, 1);
INSERT INTO `Economic_Simulator_Database`.`tbl_item_type_has_default_rule` (`item_type_has_default_rule_id`, `item_type_id`, `rule_id`, `economy_id`) VALUES (56, 6, 229, 1);
INSERT INTO `Economic_Simulator_Database`.`tbl_item_type_has_default_rule` (`item_type_has_default_rule_id`, `item_type_id`, `rule_id`, `economy_id`) VALUES (57, 7, 245, 1);
INSERT INTO `Economic_Simulator_Database`.`tbl_item_type_has_default_rule` (`item_type_has_default_rule_id`, `item_type_id`, `rule_id`, `economy_id`) VALUES (58, 7, 246, 1);
INSERT INTO `Economic_Simulator_Database`.`tbl_item_type_has_default_rule` (`item_type_has_default_rule_id`, `item_type_id`, `rule_id`, `economy_id`) VALUES (59, 7, 247, 1);
INSERT INTO `Economic_Simulator_Database`.`tbl_item_type_has_default_rule` (`item_type_has_default_rule_id`, `item_type_id`, `rule_id`, `economy_id`) VALUES (60, 7, 248, 1);
INSERT INTO `Economic_Simulator_Database`.`tbl_item_type_has_default_rule` (`item_type_has_default_rule_id`, `item_type_id`, `rule_id`, `economy_id`) VALUES (61, 7, 249, 1);
INSERT INTO `Economic_Simulator_Database`.`tbl_item_type_has_default_rule` (`item_type_has_default_rule_id`, `item_type_id`, `rule_id`, `economy_id`) VALUES (62, 7, 250, 1);
INSERT INTO `Economic_Simulator_Database`.`tbl_item_type_has_default_rule` (`item_type_has_default_rule_id`, `item_type_id`, `rule_id`, `economy_id`) VALUES (63, 7, 251, 1);
INSERT INTO `Economic_Simulator_Database`.`tbl_item_type_has_default_rule` (`item_type_has_default_rule_id`, `item_type_id`, `rule_id`, `economy_id`) VALUES (64, 3, 257, 1);
INSERT INTO `Economic_Simulator_Database`.`tbl_item_type_has_default_rule` (`item_type_has_default_rule_id`, `item_type_id`, `rule_id`, `economy_id`) VALUES (65, 4, 258, 1);
INSERT INTO `Economic_Simulator_Database`.`tbl_item_type_has_default_rule` (`item_type_has_default_rule_id`, `item_type_id`, `rule_id`, `economy_id`) VALUES (66, 5, 259, 1);
INSERT INTO `Economic_Simulator_Database`.`tbl_item_type_has_default_rule` (`item_type_has_default_rule_id`, `item_type_id`, `rule_id`, `economy_id`) VALUES (67, 6, 260, 1);
INSERT INTO `Economic_Simulator_Database`.`tbl_item_type_has_default_rule` (`item_type_has_default_rule_id`, `item_type_id`, `rule_id`, `economy_id`) VALUES (68, 7, 261, 1);

COMMIT;

